Correct,ANOVA,Comparison,W,p_value.x,Higher,IL_W_FUL_R10,IL_W_FUL_R4,IL_W_DES_R1,IL_W_DES_R6,IL_W_DES_R8,IL_D_WEB_R1,IL_D_WEB_R9,IL_D_CDB_R7,H_W_FUL_R10,H_W_DES_R10,H_W_FUL_R4,H_W_DES_R6,H_D_CDB_R10,H_D_CDB_R7,IL_W_FUL_R3,IL_D_CDB_R3,H_D_WEB_R1,IL_D_WEB_R2,H_D_WEB_R10,H_W_FUL_R9,H_D_CDB_R5,H_D_WEB_R5,H_W_DES_R8,IL_D_CDB_R1
"P461-PWY: hexitol fermentation to lactate, formate, ethanol and acetate",4.02E-11,IL vs H,0,7.40E-07,H,24.09139849,654.6584318,165.096315,85.90364639,51.24777767,114.5402636,181.9381845,237.1574034,1479.471567,1336.481523,1522.610671,1018.053555,815.719656,1286.910118,75.32159215,109.1303295,1470.623892,18.35304893,1250.638722,1951.941113,1310.444199,1806.088209,1450.657939,309.0332032
PWY-7413: dTDP-6-deoxy-&alpha;-D-allose biosynthesis,2.70E-10,IL vs H,0,3.38E-05,H,26.11146034,0,45.51806065,0,57.958024,27.54784468,38.23448169,0,366.5938759,465.6624316,501.0401796,380.7913759,259.5541484,204.4356622,29.6214537,0,528.3508222,0,410.3296638,438.8876234,398.9680294,700.8723459,417.4761924,24.16537423
PWY-7279: aerobic respiration II (cytochrome c) (yeast),6.02E-10,IL vs H,144,7.40E-07,IL,1091.690912,807.5572477,1479.663286,597.9027281,894.294932,1155.492667,1128.869459,1004.647344,91.2185903,29.35089588,8.257847499,43.0452607,0,263.1166321,1423.392277,1617.1514,43.99929927,570.8892902,63.65176104,19.44320452,49.8741412,24.53700344,143.0102337,1084.652366
PWY-5005: biotin biosynthesis II,5.01E-09,IL vs H,0,1.03E-05,H,0,0,0,0,0,0,0,0,205.0028339,159.8843432,208.735248,151.0030229,86.26529651,208.8970349,0,0,233.9764379,0,140.9350693,116.4909223,45.35820838,249.8832949,223.2656973,0
DENITRIFICATION-PWY: nitrate reduction I (denitrification),6.90E-09,IL vs H,144,3.64E-05,IL,125.222988,177.2902654,198.7299911,160.8208402,276.6303651,174.706539,221.1436312,231.872189,8.102936906,0,22.48833994,13.1490856,0,6.446906311,206.6271793,371.7179011,46.54779096,220.9323539,18.87945334,68.20883014,41.48069742,91.51592648,75.2015399,236.836314
PWY490-3: nitrate reduction VI (assimilatory),7.78E-08,IL vs H,142,2.96E-06,IL,701.2020778,683.5229917,888.1959649,612.4867101,517.5849486,699.0337889,868.7169956,417.2512089,346.3706404,167.1860903,204.212472,121.4929336,128.5255403,95.92624337,620.6820978,870.9589135,26.69148864,379.6179402,250.9233743,110.9667782,166.3389726,459.9178686,250.2792462,851.1263909
PWY-1361: benzoyl-CoA degradation I (aerobic),8.17E-08,IL vs H,144,7.40E-07,IL,688.4704707,789.9671528,728.3894925,556.1264505,485.1716623,753.8269088,1071.274626,316.6356475,191.9937345,272.0317445,298.954592,98.9133241,74.43816116,219.7533231,779.5614248,934.7210327,217.1535663,517.4766099,149.8704751,213.4447006,250.0300944,311.2504848,168.4560527,774.1229961
PWY-6763: salicortin biosynthesis,1.15E-07,IL vs H,1,4.68E-05,H,15.41273411,68.7087396,80.4661038,0,45.36108998,20.56567772,89.83316324,34.36657068,488.450942,348.2305986,316.7261876,180.933891,93.66047278,393.3407782,103.2554221,31.59479974,174.7602427,0,295.460563,387.8351747,259.0019444,349.6943154,390.6110042,59.31623273
PWY0-1241: ADP-L-glycero-&beta;-D-manno-heptose biosynthesis,6.82E-07,IL vs H,141,5.18E-06,IL,1750.329389,1380.194905,1888.244705,1768.767812,1833.953893,1780.61201,2305.491791,1316.301593,1266.225622,897.1789507,1087.76547,425.5141635,563.5329497,1279.253694,2165.542847,2052.910277,747.8342392,1439.77439,696.2445538,1046.97143,721.5914083,1032.716774,1445.658236,1869.818009
P42-PWY: incomplete reductive TCA cycle,7.73E-07,IL vs H,5,1.41E-05,H,1602.234534,1675.56064,3158.238902,2324.534443,2174.818661,2274.226274,2688.063378,2200.696026,5335.695609,4963.028931,5524.312851,3240.72471,2617.258536,4540.520493,3166.433723,3133.206491,4940.252647,2693.276405,4775.898208,5658.920589,4750.771063,6828.052914,5051.213824,2593.935163
P23-PWY: reductive TCA cycle I,2.06E-06,IL vs H,6,2.22E-05,H,1503.773439,989.2123931,3122.653714,2495.180183,2388.69516,2462.318135,2490.879534,1922.720558,5976.674606,4970.695609,5712.276569,2832.488229,2939.670553,5297.197078,3135.976627,3612.123933,4868.14968,2580.985149,4930.076085,6367.202854,4360.008851,6533.377369,5115.655637,2789.43131
GLYCOL-GLYOXDEG-PWY: superpathway of glycol metabolism and degradation,3.47E-06,IL vs H,4,9.70E-05,H,0,140.4790663,44.65299298,39.58050967,101.8613427,30.51438045,33.53174666,29.52427618,221.3377345,183.9571391,212.4210994,121.861837,57.51060232,347.4444333,56.14579174,12.21589292,213.8762045,69.96737427,230.0867042,144.5935473,231.3141246,267.12508,146.2402728,0
P185-PWY: formaldehyde assimilation III (dihydroxyacetone cycle),7.55E-06,IL vs H,6,2.22E-05,H,41.77539634,610.6731626,625.2591362,194.3230904,97.33213606,247.9336784,172.6569888,220.6188681,1316.12016,645.5291657,866.2933043,454.6973631,432.9563869,1034.42159,339.0142301,273.3180184,1063.104301,156.4780772,964.7202908,1139.067869,933.0843911,1466.614413,1574.291687,576.5450248
PWY-5505: L-glutamate and L-glutamine biosynthesis,8.36E-06,IL vs H,141,5.18E-06,IL,715.6843698,1005.59928,1122.223003,869.4207734,672.3603105,825.0128556,1519.571097,534.674091,623.787997,224.1028294,499.214807,219.4781307,231.3401287,303.35876,925.918933,841.0530053,197.3135899,678.2917643,446.7588801,470.2484905,271.7969098,559.17004,561.3815878,909.6929648
PWY-5675: nitrate reduction V (assimilatory),1.10E-05,IL vs H,140,8.88E-06,IL,462.9749048,1042.286055,854.8149219,345.2639509,482.4367233,661.6209644,1144.657836,388.6750496,360.8647,158.4841823,202.4922413,83.6673786,120.9572459,97.8512092,638.9484675,672.2691786,25.93877034,384.3491465,235.7519444,112.4544571,157.1217832,397.8621018,294.0454183,736.8153111
PWY-5741: ethylmalonyl-CoA pathway,2.25E-05,IL vs H,135,0.000307114,IL,165.6851127,74.15011094,253.674646,238.7323977,239.1524102,245.4652574,321.454353,216.8157242,71.36556963,68.60161778,104.9495354,0,51.65379906,106.2303409,303.0765758,285.5615211,137.1669835,238.303702,128.970874,162.8754484,65.25884332,168.2017807,0,144.8659433
GALLATE-DEGRADATION-I-PWY: gallate degradation II,2.86E-05,IL vs H,133,0.00047227,IL,91.38570616,83.04144,131.8248684,89.96696412,108.1069456,145.9882629,198.3071302,53.29735466,98.21468694,0,60.35677067,0,23.67812632,19.61616789,159.1814993,165.7670377,21.93549322,78.15569123,38.26304363,90.16497063,0,40.64408039,60.31391301,154.4246555
METHYLGALLATE-DEGRADATION-PWY: methylgallate degradation,3.33E-05,IL vs H,133,0.00047227,IL,110.284409,102.1971075,160.6885905,108.6874246,127.2236837,174.5020509,241.0806128,64.34770606,119.340664,0,74.02778274,0,29.14830208,24.35490202,192.405573,197.2027293,26.84649921,93.60401719,46.99553664,109.7934383,0,49.61139586,74.41674907,186.5385387
PWY-7098: vanillin and vanillate degradation II,4.04E-05,IL vs H,141,7.12E-05,IL,91.34111064,72.96406995,104.7460488,81.76068698,69.88234043,126.8691331,239.5853026,46.92068257,31.54490978,0,60.32937302,0,14.27587675,0,109.7884595,170.0091805,0,63.38497144,19.1115194,58.88067625,0,23.72498591,59.09857068,136.839703
PWY-7000: ka0mycin biosynthesis,4.87E-05,IL vs H,4,8.60E-05,H,0,66.77946088,22.14060986,14.81913553,0,0,42.19675086,22.662501,78.52895684,128.2857679,156.7727221,96.2440782,23.56671152,121.8408951,0,0,86.33719032,22.62003838,96.45725298,195.1214191,28.31342344,228.3336738,77.98339028,0
GLYCOCAT-PWY: glycogen degradation I,6.96E-05,IL vs H,11,0.000144222,H,190.5615071,1015.491828,854.788281,0,220.9205103,84.79638585,488.2169763,112.809355,863.8713904,1046.716146,1025.474778,523.4310612,374.3406416,1182.340699,325.5060275,125.1525468,1028.343984,380.6321435,909.9740223,1118.388406,729.5150679,1298.115543,1233.297694,425.9958054
PWY-5030: L-histidine degradation III,7.70E-05,IL vs H,129,0.001095146,IL,344.2560828,47.90157968,456.3294593,232.2537005,259.4202123,312.3012592,179.84851,19.65501232,90.80120838,40.27005306,115.3502394,49.43486574,0,0,233.7766131,232.5768663,0,204.6245253,24.87260712,110.5512959,20.22932353,104.3502647,100.3840238,265.5496129
PWY-8011: L-serine biosynthesis II,8.09E-05,IL vs H,139,1.41E-05,IL,202.0128741,63.60077465,394.8089971,206.833875,269.0910116,201.7404799,597.750715,152.5765342,59.13890802,14.56133944,108.1256439,20.34960338,10.95759226,141.5742103,280.1685836,358.278558,62.1225163,223.3107338,57.38659268,55.10954676,63.91000858,168.2631343,54.95560326,275.8085023
PWY-5189: tetrapyrrole biosynthesis II (from glycine),8.67E-05,IL vs H,134,0.000102805,IL,5113.729298,5809.778473,6706.43774,4607.63238,5065.193215,5438.275267,7038.019931,3785.701814,4596.072494,3413.751434,3403.882603,1568.290134,2207.226101,3918.531129,6062.551847,5918.516912,3176.868431,3870.106804,3652.746348,4029.730063,2265.608473,3446.940353,4932.073606,4725.875085
P184-PWY: protocatechuate degradation I (meta-cleavage pathway),9.83E-05,IL vs H,132,0.000585541,IL,95.67538953,118.2333469,133.7888008,104.350781,106.7541523,145.7802144,243.343927,64.51937248,122.7727034,0,76.87984939,0,13.91159729,13.341354,138.0476433,176.8315843,18.29391277,85.05686997,52.77244902,114.6001631,0,46.48975939,54.47989758,167.1754185
P562-PWY: myo-inositol degradation I,0.000102665,IL vs H,18,0.001161906,H,0,0,105.7252046,0,0,0,0,0,200.5002034,173.3737445,136.959586,0,0,245.6423472,0,19.40470027,90.57015214,0,190.1306408,165.189718,88.78417768,67.29665882,221.6050769,18.94130198
PWY-5100: pyruvate fermentation to acetate and lactate II,0.000123146,IL vs H,19,0.00143261,H,1129.623589,1004.242046,1602.728204,1637.11144,1571.638557,1501.715144,1451.75676,1177.421561,2936.5707,2426.863826,2881.685415,1278.06635,1163.985538,2493.897221,1711.09285,2086.772497,2448.951487,1283.280724,2446.304346,3087.510724,2544.795801,3778.134408,2833.145633,1611.66418
PWY-1622: formaldehyde assimilation I (serine pathway),0.000179824,IL vs H,140,9.70E-05,IL,169.0495337,81.40082943,271.8528118,250.8624073,288.6669662,226.953612,635.3065101,135.4285821,27.17896414,0,106.7664491,20.25548819,0,122.9348025,298.5494473,359.9858483,78.11514055,143.1518867,87.42974597,80.08555332,29.20682845,99.75233302,23.3642642,171.74378
PWY-5104: L-isoleucine biosynthesis IV,0.000201338,IL vs H,138,3.76E-05,IL,942.5131543,183.0253652,211.5320411,147.9383116,470.1210435,647.8616916,816.3218108,61.32876136,0,0,0,0,0,0,362.8004219,845.0918776,0,0,0,0,0,0,0,313.2206816
PWY-101: photosynthesis light reactions,0.000212901,IL vs H,8,4.96E-05,H,62.52946387,5.447336068,81.03561824,148.9491002,7.137794178,83.38225788,204.0281175,48.6446141,320.784839,134.3900004,210.6348675,151.814368,232.5384927,310.6777583,138.1418269,59.47612967,353.165928,52.04963702,183.2408176,100.8883968,238.9534369,572.9057031,253.0078522,34.32799875
PWY-5676: acetyl-CoA fermentation to butanoate II,0.000224691,IL vs H,130,0.00037128,IL,1754.994306,3223.320742,3177.002456,1367.186605,1298.194911,2387.783093,2590.790011,1206.219536,1318.320231,957.7416295,884.5935501,416.1117331,616.729428,1337.786791,1761.301232,2393.826967,1061.286794,1461.568576,959.1056005,1562.183786,967.9366491,1472.397412,1340.313278,2248.913765
URSIN-PWY: ureide biosynthesis,0.000275262,IL vs H,14,0.00037128,H,543.8831848,1754.595746,2879.320145,753.8236554,925.5059137,1111.618957,1976.434893,1009.295115,3923.577053,2944.28788,3010.960741,1739.489698,1132.01498,2876.562099,1492.086536,1150.989631,2028.22343,993.007694,2375.337259,3825.36543,1999.422958,2602.123797,3162.799295,1399.729391
PWY-5747: 2-methylcitrate cycle II,0.000279757,IL vs H,142,2.96E-06,IL,287.366236,457.7220651,470.7651797,225.7709457,153.5334468,334.8680821,898.2533329,194.7292405,119.5964567,76.3653163,70.23429458,55.05873138,87.6549262,176.1019254,335.79183,311.5073995,65.36479843,161.2598527,84.40759201,79.31075378,104.6513509,113.6457339,68.86523574,322.7129109
"PWY-7371: 1,4-dihydroxy-6-0phthoate biosynthesis II",0.00029449,IL vs H,130,0.00037128,IL,4609.53708,3073.895991,4766.084086,4825.412738,4188.649275,5033.340001,5307.882094,3547.547202,3831.101915,3321.487458,3292.268476,2176.625943,1929.522299,3392.241753,4872.018082,5497.095504,2940.71398,4029.247183,2993.298644,3919.846326,3168.246994,4484.218132,3510.80906,4154.33851
P261-PWY: coenzyme M biosynthesis I,0.000295557,IL vs H,129,0.000495534,IL,228.6574218,0,180.680897,178.5158216,171.5365223,248.504118,332.7857227,104.1177068,19.94221494,65.76987472,15.62083876,50.18675794,38.33519424,94.49760221,216.0253458,255.1061478,134.1895737,158.9345633,48.90425731,90.55050928,48.24330032,105.5987693,93.19168425,112.7668156
PWY-6703: preQ0 biosynthesis,0.000341698,IL vs H,135,7.17E-05,IL,5106.232732,8942.058714,6711.818523,4785.468803,4450.66982,5029.096904,6258.001017,3670.057802,4294.663445,3173.188991,3397.732882,1452.552596,1736.402498,3863.370125,5367.973191,5125.417371,2708.671963,3736.731114,2818.490926,3711.467199,2424.748541,3632.308654,4430.706438,4096.813213
CRNFORCAT-PWY: creatinine degradation I,0.000352709,IL vs H,12,0.000201172,H,38.5109222,265.6215259,217.9384338,197.545864,263.5543953,124.2962421,618.8991995,79.64212677,393.2316154,316.5936034,354.3819462,254.8116844,368.7864374,383.0051766,210.7107048,175.5723628,505.0545414,60.00576263,535.5856085,628.5431048,529.7291645,629.4420741,362.9790436,158.1983188
"P125-PWY: superpathway of (R,R)-butanediol biosynthesis",0.000468882,IL vs H,129,0.000495534,IL,171.1348098,344.3264183,252.0090627,186.1507949,121.6502421,113.4418301,346.4270515,147.8646771,206.8113281,157.7986282,151.301217,33.39120159,0,49.7385961,305.5262182,213.0802089,120.9674474,187.5066961,64.06705843,116.3068395,87.41753265,115.2513658,104.9094262,222.9697197
PHOTOALL-PWY: oxygenic photosynthesis,0.000473452,IL vs H,12,0.000590412,H,36.85426154,0,33.79734237,95.58450251,0,38.06864738,85.82614558,27.3074567,129.0560932,68.43910895,73.70426967,66.77113478,122.5098568,134.5590926,53.58534575,25.40443709,166.2242718,16.51954785,85.30003183,37.09340213,129.3720826,283.5803691,133.992559,10.40357489
GALLATE-DEGRADATION-II-PWY: gallate degradation I,0.000771473,IL vs H,127,0.001444647,IL,86.11936503,26.30163664,87.42637963,55.46407699,0,60.41214596,147.6288913,23.9314315,55.83640349,0,24.35340163,0,13.27562562,0,99.93377451,37.90883501,0,42.47243124,15.66800234,29.12869219,0,0,20.28100771,90.01741318
GLUCOSE1PMETAB-PWY: glucose and glucose-1-phosphate degradation,0.00088635,IL vs H,125,0.00143261,IL,3800.660092,5445.706298,5009.092385,4117.620913,4062.14471,4054.320662,4769.495682,3194.055811,4084.83145,2738.272773,3688.282286,2083.755947,1470.031438,2984.127547,4490.644607,5245.022753,3050.914866,3366.629127,2694.03892,3812.086586,2479.896579,4516.583348,3547.578197,4567.911727
"PWY-7159: 3,8-divinyl-chlorophyllide a biosynthesis III (aerobic, light independent)",0.001039231,IL vs H,129.5,0.000912422,IL,128.4315335,342.7346981,709.6965636,97.25069825,45.12302151,370.300598,649.1871541,0,0,0,25.06477509,0,0,15.62711227,240.6548593,272.5518642,94.27375205,201.189723,25.68831903,184.8357679,93.72516801,0,20.82370936,422.0850688
GLUDEG-I-PWY: GABA shunt,0.001207356,IL vs H,134,0.000102805,IL,168.8354184,620.7979758,269.9366957,284.7891538,182.3419163,254.2841402,658.6338571,194.5038025,197.7323802,97.75544126,190.3497353,31.16071535,60.50470781,146.5927264,333.2321088,185.3255976,68.60769324,302.7302628,140.0925373,191.7360835,122.3982808,130.9541536,164.9410219,290.827555
PWY-4984: urea cycle,0.001208554,IL vs H,126,0.001114581,IL,5979.780935,8369.847442,9049.562005,6842.516297,6405.095364,7319.849222,8031.684785,5724.778128,6760.124676,4950.788425,5343.69281,3301.965181,2904.086005,5808.54195,7443.810643,7630.118035,5285.754704,6042.796103,5117.576245,5959.123602,4745.709041,7006.990884,6731.100008,6350.457563
PWY3O-4107: 0D salvage pathway V (PNC V cycle),0.001225159,IL vs H,132,0.000201172,IL,516.0694257,1680.246323,957.1384885,407.5168457,398.3473456,789.9917428,1154.316711,327.8200133,620.2396148,175.5336677,453.1794145,36.21077518,79.21868926,182.9958471,540.6409952,676.4475122,229.4517015,314.6416652,258.940303,294.0941563,187.1914053,209.1977335,338.1237519,871.7504407
PWY66-367: ketogenesis,0.00157941,IL vs H,132,0.000201172,IL,1064.067305,3554.700886,2240.030276,1402.431645,1325.947028,1550.011688,2375.96885,1267.194963,1392.147461,888.4083899,1261.79042,520.6734308,634.0999394,1234.682136,1746.840799,1937.223771,1120.784406,1384.421536,1021.34849,1022.541709,930.897961,1452.658071,1059.935782,1855.252251
PWY-801: homocysteine and cysteine interconversion,0.001947639,IL vs H,21,0.002316434,H,272.9701155,1208.163875,1154.458967,426.4578594,342.9636534,477.1302324,849.0263013,425.0428993,1369.983898,1080.037126,1177.610907,698.0977628,506.77896,1219.224599,710.1023649,529.7713528,970.2792827,567.4415886,869.6397484,1406.343903,793.792872,1327.461693,1459.572493,678.9790183
TYRFUMCAT-PWY: L-tyrosine degradation I,0.002262598,IL vs H,139,0.000122927,IL,286.733238,1313.626431,398.6766542,276.7114114,201.1496058,300.4513103,513.0036811,124.3314729,161.2752565,55.47396561,115.3308406,0,0,95.40549992,326.5241583,482.0995636,31.27400596,112.5804359,78.32820239,41.49760019,20.82378738,29.50943326,197.959228,344.6935619
PWY-5494: pyruvate fermentation to propanoate II (acrylate pathway),0.002555996,IL vs H,122,0.002914033,IL,180.38219,152.4416876,254.7735834,230.1501492,147.828879,179.9935356,260.477389,188.5636566,238.4476915,179.6655456,136.8865749,96.3215127,92.083829,87.60157284,275.435052,224.2943474,168.868118,212.7393042,141.8962648,185.1801809,134.7977635,171.936905,186.7524971,251.907677
PWY0-1479: tR0 processing,0.00294953,IL vs H,123,0.002316434,IL,2477.97071,5127.275799,4057.304178,2539.459358,2708.769931,3006.22802,4501.821553,2352.985833,2844.940135,1510.718242,2423.391717,795.9657935,1268.230666,1990.083446,3343.858225,3119.002299,1841.067363,1368.836238,1895.367468,2184.498781,1577.46535,2079.49726,2574.722634,2255.028453
PPGPPMET-PWY: ppGpp metabolism,0.003104801,IL vs H,133,0.000476325,IL,143.3450034,1005.196292,631.2073441,101.5330458,246.3938139,183.2795068,376.932092,172.0403674,160.167357,93.61308164,144.6822022,0,71.41313816,131.3184969,275.6826527,325.1631026,33.6926844,107.1904772,102.0364757,42.28451849,0,75.82951658,127.0963468,607.0174514
"PWY-7237: myo-, chiro- and scyllo-inositol degradation",0.003158003,IL vs H,24,0.004513053,H,784.4702114,3068.086445,3181.795043,776.8806802,999.504657,1057.986955,2198.225429,902.1067787,3851.911881,2679.334199,2828.502659,1356.87009,1230.85873,3278.567113,1522.204963,1523.206239,2545.605978,1502.378434,2662.223346,3648.413982,2274.767658,3224.076844,3938.429186,2078.112666
PWY-2221: Entner-Doudoroff pathway III (semi-phosphorylative),0.003292442,IL vs H,26,0.006811737,H,220.7828743,254.4585436,151.0522265,142.6866696,174.9082652,250.7501423,269.8495942,156.9087855,655.4976684,435.5877743,458.8316649,151.1645963,199.1626758,671.1111066,275.851507,354.8114087,399.9241823,193.540167,309.7080001,417.9241595,223.9696645,244.5503203,729.3299619,35.54740243
PWY-6876: isopropanol biosynthesis (engineered),0.003362328,IL vs H,25,0.00555959,H,1021.614272,610.4963522,1530.494898,1262.934452,1347.622521,1212.138929,1163.313608,960.055116,2087.828938,1350.283956,2126.198687,988.3248741,1364.832728,1982.373005,1582.474909,2086.408742,2326.486875,1225.812388,1916.157046,1862.814088,1528.602409,2393.100443,1970.836207,1472.431838
POLYAMSYN-PWY: superpathway of polyamine biosynthesis I,0.00343083,IL vs H,121,0.003636625,IL,1071.128823,2268.730186,1484.322145,1096.066089,1269.529975,1302.621794,1638.396837,865.7484466,1088.522942,955.3650018,1011.354658,652.4477522,491.2290857,1144.984125,1444.512592,1443.528266,729.1658809,1050.649904,953.1262704,1086.236632,679.2048021,1007.528686,1465.167414,1418.394418
HSERMETA0-PWY: L-methionine biosynthesis III,0.003688744,IL vs H,119,0.00555959,IL,6624.907177,10022.92179,8161.875704,6115.817725,6000.959651,7536.327231,9164.320241,4420.155391,6082.437448,4927.949203,5453.67467,3109.206419,3041.060672,5687.592079,7884.072738,7920.271646,5327.533272,4928.886704,5169.68778,6419.227446,4332.569356,6348.001033,6681.616891,6752.46598
PWY-5855: ubiquinol-7 biosynthesis (early decarboxylation),0.004446765,IL vs H,121,0.003636625,IL,515.7602601,1157.384422,543.5192997,887.7445068,667.6556611,581.763664,1043.313194,187.3377101,510.1436864,349.8656514,443.4912889,130.2539325,171.8221033,570.1186119,748.2110375,896.8874304,402.9037402,391.87359,389.2827273,601.4261785,369.4505905,504.7716501,215.752588,530.3096095
PWY-5941: glycogen degradation II,0.004451869,IL vs H,116,0.010044539,IL,3390.02093,4064.236961,4228.808052,3615.877207,3921.932211,3602.048275,4732.91983,3105.174191,3700.593553,2544.222055,2950.610838,1609.506508,1436.401415,3236.379639,4243.146082,4482.776044,2548.641791,2930.116755,2593.751226,3912.617301,1755.551944,3774.440782,4031.967466,3524.516974
ASPASN-PWY: superpathway of L-aspartate and L-asparagine biosynthesis,0.004567849,IL vs H,132,0.000201172,IL,1718.684837,4857.054174,2507.578448,2167.868271,2128.068542,2095.791702,2109.582588,1348.49131,1695.720915,1382.206546,1658.179998,942.3065971,790.3828732,1731.514313,2669.230147,2464.596604,1326.292179,2099.414275,1173.392859,2075.640787,1646.061396,2020.437126,1718.834616,2338.423124
SALVADEHYPOX-PWY: adenosine nucleotides degradation II,0.005063256,IL vs H,26,0.006811737,H,1501.068435,4806.383351,3085.717319,1245.862432,1061.02914,1940.658174,2612.562003,1229.828824,4507.98784,3348.797952,4050.439774,2080.517953,1443.180036,3567.158472,2109.239208,1855.398514,3132.897455,1465.989294,2949.17693,3884.457643,2596.996296,3888.318276,4518.450454,1852.62966
PWY-1269: CMP-3-deoxy-D-manno-octuloso0te biosynthesis,0.005286946,IL vs H,129,0.000495534,IL,1483.775364,3972.435651,2033.868589,868.6123135,805.1531609,1171.542584,2341.708414,529.9610371,948.565299,468.1986793,417.2789744,200.0679046,107.8799796,849.4908311,1023.012789,863.0040481,348.3023022,346.9914164,235.6258407,362.1326677,180.8741031,257.8389657,783.7003199,912.2649959
PWY-5209: methyl-coenzyme M oxidation to CO2,0.005335975,IL vs H,127,0.001229264,IL,83.87798662,10.84771287,46.08537395,10.42011149,48.33225976,76.65285214,204.3418528,25.90363568,0,39.24671568,0,0,16.21486504,0,99.05257884,53.14100586,21.9451952,0,0,0,0,22.09819458,0,47.49930196
PWY-6293: superpathway of L-cysteine biosynthesis (fungi),0.005519141,IL vs H,27,0.008293161,H,440.1759145,1775.105083,1718.294228,672.3260937,543.8204492,754.9611459,1313.426659,655.3913312,1888.68897,1515.726504,1646.461258,975.245875,739.9142765,1716.524382,1104.219537,838.7872297,1389.291505,863.6521375,1265.735798,1978.579164,1135.956792,1855.476085,2049.96795,1048.646125
PWY-7094: fatty acid salvage,0.005633834,IL vs H,125,0.00143261,IL,710.6749156,3073.061626,1450.340494,1139.080496,987.9192492,1078.192644,1798.963038,948.5919937,947.6263799,765.9189542,962.1879357,341.6632605,216.212624,740.0237435,1511.604015,1342.863224,756.0766338,903.9481876,777.8520103,1020.674026,657.7763868,925.1973026,1054.260647,1359.005594
PWY-6305: superpathway of putrescine biosynthesis,0.005667815,IL vs H,27,0.008293161,H,1420.397604,2251.876073,3992.442414,2011.651718,2072.737394,2427.286594,2494.647516,1725.28546,3671.452175,3176.823806,3371.318961,2136.452192,1647.710844,3226.699049,2578.929769,2450.807234,3305.167888,2101.125665,3105.842125,3630.430901,2813.181214,4206.133692,3767.875319,2509.206406
PWY-7342: superpathway of nicotine biosynthesis,0.005674863,IL vs H,108,0.007054102,IL,0,42.37591898,81.94181655,0,49.48382962,0,41.56837203,62.56608302,0,0,0,0,0,0,0,0,0,37.61619867,0,0,0,0,0,0
PWY0-1533: methylphospho0te degradation I,0.006064695,IL vs H,38,0.041967897,H,0,0,0,0,11.44254501,0,24.18503472,10.20129022,105.341229,62.84982875,9.209063126,0,0,90.55269965,7.714529533,0,0,0,38.07231252,67.85679875,37.8626211,0,99.96204188,13.35093589
PWY-7858: (5Z)-dodecenoate biosynthesis II,0.006260881,IL vs H,117,0.008293161,IL,4077.725008,8782.54239,6691.075474,3998.557054,4722.437546,4732.75492,6731.150893,3408.988236,5010.369422,3026.269865,3526.444255,1759.762438,2755.490653,4531.22293,5891.449827,5202.154166,3839.231491,3650.36556,3796.905157,3884.864693,2391.658538,3512.479377,5235.557221,4920.72538
PANTO-PWY: phosphopantothe0te biosynthesis I,0.006506708,IL vs H,118,0.006811737,IL,6485.346281,13156.37426,10668.50696,7289.720443,7536.603686,7965.930366,10702.91944,6267.524712,8457.564612,5662.086823,6958.440275,3142.954117,3607.546593,7101.529518,9078.449261,8694.308866,5939.121359,6285.40145,5871.985463,6666.268225,4924.61879,7132.915609,8269.828833,7532.359315
"P4-PWY: superpathway of L-lysine, L-threonine and L-methionine biosynthesis I",0.006607449,IL vs H,118,0.006811737,IL,2032.181498,3651.972305,3349.94438,1873.197954,1686.99195,2108.067219,3011.815989,1266.293598,2248.371176,1550.030625,1713.363604,564.8048543,633.3269991,1655.409716,2334.842722,2601.826025,1211.611936,1271.976283,1571.485711,1764.698225,827.8944446,1639.5288,2332.613953,2381.005166
PWY-7807: glyphosate degradation III,0.006984437,IL vs H,38,0.041967897,H,0,0,0,0,19.37767528,0,37.2708902,16.26990994,188.9461751,102.282294,15.49078473,0,0,152.0528712,12.52375251,0,0,0,63.03355016,110.9576951,55.55597374,0,174.5470266,22.39975174
P221-PWY: octane oxidation,0.007274841,IL vs H,140,8.88E-06,IL,305.8686684,1902.750051,413.3198592,321.5412283,410.7207782,579.0700295,596.8753738,323.0455662,194.0303549,281.1210211,282.0564903,122.4696972,84.87930557,396.0234632,571.7868396,474.1764854,184.6702028,363.4305305,109.9670828,125.3481867,143.2719716,89.70868163,303.1673214,619.2254441
PWY-7197: pyrimidine deoxyribonucleotide phosphorylation,0.007724257,IL vs H,117,0.008293161,IL,11155.21986,12525.67255,13719.85917,12721.64963,11605.03656,12014.55937,14393.1906,9397.04645,12512.72121,9390.848128,9648.728693,5688.863356,4838.369711,10815.27333,13874.23836,13153.47372,8356.870482,11187.0644,8880.457634,11544.81311,8975.856551,12394.38757,12790.99529,10300.35121
PWY-6292: superpathway of L-cysteine biosynthesis (mammalian),0.007968656,IL vs H,19,0.00143261,H,707.3556473,5193.395512,2410.979032,1159.377824,891.4801863,1125.366759,1879.071718,1119.959178,3153.006317,3020.859848,3437.26212,1817.470772,1384.611282,2888.98981,1613.18209,1269.606434,2784.976519,1428.866471,2627.963637,3654.075199,2599.433429,4070.2787,3010.241129,1484.365438
PWY66-429: fatty acid biosynthesis initiation (mitochondria),0.008986103,IL vs H,115,0.012093977,IL,9813.781628,16970.28784,11996.0285,9839.012724,9144.378127,10304.21374,13119.74151,7398.672029,10303.78244,8222.725401,8530.409165,4692.545981,4738.312936,8741.313413,11301.39315,10753.08557,7125.856416,8091.837939,7560.459705,9168.644483,6320.577115,9548.498284,10473.93391,8699.689144
ARG+POLYAMINE-SYN: superpathway of arginine and polyamine biosynthesis,0.009005274,IL vs H,115,0.012093977,IL,1839.276912,3627.077046,2577.408521,1849.161878,2079.144096,2200.308219,2777.904702,1449.992458,1945.70913,1697.086063,1810.487371,1141.589269,882.9490999,1988.918889,2481.934049,2417.337149,1308.097994,1661.941263,1681.336621,1946.767825,1220.502151,1792.732275,2560.188317,2361.197439
CITRULBIO-PWY: L-citrulline biosynthesis,0.009287699,IL vs H,116,0.010044539,IL,5859.372629,7918.73633,8905.224979,6276.907188,6024.370162,6889.547877,8131.015052,5219.234903,6996.111496,4952.872548,5365.328629,3167.337882,2855.555521,5835.195028,7188.915572,7318.68239,5243.44466,5556.258342,5074.335234,6227.594601,4638.519706,6883.072041,6820.733148,6153.841505
PWY-1882: superpathway of C1 compounds oxidation to CO2,0.009846822,IL vs H,25,0.007247285,H,32.60894364,25.28495369,48.13160914,0,23.78913514,33.06642186,188.2506784,0,96.53729976,123.3095284,95.90143727,45.73862106,102.422192,153.2982506,119.8529812,23.61909584,128.821928,61.48665048,69.66584971,168.4527163,109.6149647,248.0806772,27.61690714,34.78536785
PWY1G-0: mycothiol biosynthesis,0.010207557,IL vs H,25,0.00555959,H,276.3067516,1631.554339,1448.531032,315.8633754,249.2677234,398.7407979,1179.197184,341.6734361,2070.800923,1190.416439,1229.158704,554.9479511,487.3447151,1889.30781,690.3706329,394.9918303,906.1545514,481.9532421,1066.062401,1950.984667,717.1549599,1303.014526,1884.671892,641.2148239
PWY-6338: superpathway of vanillin and vanillate degradation,0.01136963,IL vs H,118,0.004192957,IL,45.43807979,18.39281782,52.87644768,59.58082464,0,40.68839806,148.4738256,0,0,0,14.56753205,0,0,0,24.7031723,0,0,17.02249097,0,46.25239836,0,0,0,93.21658018
PWY-7097: vanillin and vanillate degradation I,0.01136963,IL vs H,118,0.004192957,IL,45.43807979,18.39281782,52.87644768,59.58082464,0,40.68839806,148.4738256,0,0,0,14.56753205,0,0,0,24.7031723,0,0,17.02249097,0,46.25239836,0,0,0,93.21658018
PWY-7238: sucrose biosynthesis II,0.012066538,IL vs H,110,0.028420698,IL,2902.239726,3512.600169,3632.688601,3119.543347,3436.612227,3094.154496,4331.987182,2783.594152,3329.81871,2279.606309,2541.397381,1381.8119,1259.606439,3004.631806,3796.012059,3839.298749,2205.74033,2533.334742,2280.341277,3582.100013,1440.487439,3231.533521,3819.107104,3023.058676
PWY-I9: L-cysteine biosynthesis VI (from L-methionine),0.012506677,IL vs H,120,0.004513053,IL,433.2132038,2249.597118,1161.41473,619.5514033,512.2165168,653.7955535,1066.571728,544.169693,755.0258867,476.6077244,728.4354857,358.6988072,129.9557081,348.0669131,774.6328871,690.0989782,30.47925547,458.9245256,256.0532165,369.3080964,273.3461206,257.5565419,815.1962959,908.0686902
GLYCOGENSYNTH-PWY: glycogen biosynthesis I (from ADP-D-Glucose),0.013898502,IL vs H,111,0.024184256,IL,4658.928963,8165.774033,6838.908931,5134.20029,4954.52707,5149.082083,6499.827242,3965.252188,5626.804674,3915.948364,4876.268181,2505.734874,2015.313393,4475.596792,5865.804582,6276.264469,4032.934416,4209.946996,3717.078464,5414.108446,3453.738269,6069.031312,5159.89146,5514.86163
PWY-6353: purine nucleotides degradation II (aerobic),0.014443162,IL vs H,30,0.014492507,H,2071.82975,6127.242943,4084.45004,1790.030522,1528.484664,2652.460912,3567.855154,1726.616997,5435.961227,4193.648743,4836.498626,2485.982405,1845.655699,4441.003037,2926.15814,2547.212066,3869.43278,2039.856101,3676.210085,4893.085403,3288.379327,4984.328118,5538.001238,2518.521886
HEME-BIOSYNTHESIS-II-1: heme b biosynthesis V (aerobic),0.015174136,IL vs H,113,0.017271193,IL,3514.139059,9042.085995,5658.386619,3561.460673,3642.053078,4029.379025,5555.946346,2465.332173,3793.347527,2591.536098,2946.04578,1210.609479,1787.748211,3401.288895,4292.850619,4255.391512,2589.406427,2670.203809,2855.029941,3920.646955,1734.845714,3035.014198,4344.587739,3708.493023
P101-PWY: ectoine biosynthesis,0.01533899,IL vs H,14,0.00037128,H,14.07494476,2938.7455,433.0304494,16.46704083,110.6926401,41.56658494,535.2686938,203.9199849,1724.016957,1008.577378,1222.132605,723.2106603,366.9780961,1916.484336,123.6090989,23.64227145,930.6984019,109.5788145,982.1395805,1302.103713,590.3129849,1203.02459,1327.409996,289.0520124
PWY-5130: 2-oxobutanoate degradation I,0.01566868,IL vs H,31,0.017271193,H,1676.216247,1361.796998,2059.766376,1859.769043,1535.984894,1953.184198,2358.869487,1479.382607,2948.850137,2235.622848,2335.894014,1260.324259,1262.448004,2489.989546,2198.675854,2315.503102,2600.201305,1419.300375,2437.926992,2389.094683,2043.610518,2730.718408,3028.758537,1414.916734
PWY4LZ-257: superpathway of fermentation (Chlamydomo0s reinhardtii),0.015792553,IL vs H,124,0.002027929,IL,0,421.2740904,63.39479609,70.36450461,41.75957044,45.4718464,203.216273,42.51227829,7.15648248,0,43.60576957,0,0,40.62855056,86.78357765,0,0,29.83359368,16.82644331,0,0,0,0,245.8072715
PWY66-391: fatty acid &beta;-oxidation VI (mammalian peroxisome),0.015822968,IL vs H,126,0.001114581,IL,573.7415029,2636.633075,932.8323597,691.6052211,477.503958,686.7030615,1035.786019,478.0582426,695.6006846,534.7359038,625.3071359,107.8667165,143.7495259,382.4754886,808.4125156,815.4488735,271.5981143,620.9821339,371.3259856,509.2249647,411.8080167,625.3179288,433.5756945,857.7897895
PWY0-862: (5Z)-dodecenoate biosynthesis I,0.016270994,IL vs H,112,0.020489203,IL,5878.706611,13807.14378,8905.154449,5833.507941,6221.786192,6524.669406,9509.334742,4973.841093,7202.033806,4608.066909,5347.667864,2660.684029,3704.12768,6564.985069,8017.468914,7194.212839,5154.465243,5017.735619,5334.205373,5759.087635,3563.128412,5023.412972,7709.18922,6728.292625
P164-PWY: purine nucleobases degradation I (a0erobic),0.017487629,IL vs H,26.5,0.003722127,H,0,0,0,0,0,0,0,0,67.62580841,74.35250129,54.53642712,32.39397039,26.6027478,170.1943371,0,0,28.47356491,0,0,108.0411139,0,0,51.79185361,99.90854721
PWY-6501: D-glucuro0te degradation II,0.01774589,IL vs H,38,0.038744071,H,30.69318465,0,58.70373908,0,0,0,37.30242057,0,0,112.8592647,73.46022108,22.66103896,0,52.66045106,0,20.17376203,88.25234893,0,0,31.91302051,113.3596365,96.31303825,0,0
PWY-6608: guanosine nucleotides degradation III,0.018903605,IL vs H,24,0.004513053,H,1658.890243,6015.0394,3176.956275,1314.900051,1130.99308,2109.359607,2773.797796,1300.682074,4683.329677,3473.932729,4331.012411,2217.493633,1508.161095,3638.462968,2205.590547,2038.608773,3257.039906,1523.191286,2966.212411,4017.491381,2800.533596,4093.172952,4581.066867,1885.786215
PWY-6385: peptidoglycan biosynthesis III (mycobacteria),0.019393588,IL vs H,109,0.033241425,IL,5769.549821,12510.46392,8921.310008,5463.293968,5550.767634,6110.560698,8255.664475,4576.195734,6666.268899,4681.523203,5243.067213,2048.74269,2362.15572,5967.473747,6869.252881,6688.796286,4242.37362,4981.651048,4523.253404,5595.657881,3651.928123,5553.015188,7029.813857,5504.466781
HEME-BIOSYNTHESIS-II: heme b biosynthesis I (aerobic),0.019412128,IL vs H,112,0.020489203,IL,3520.203603,9227.651584,5691.570985,3561.460673,3657.997547,4029.379025,5717.754425,2512.633993,3958.061371,2666.796855,2979.611966,1210.609479,1796.72504,3559.004223,4392.250426,4255.391512,2589.406427,2710.01245,2904.400383,4151.736708,1734.845714,3090.980609,4366.588409,3725.043352
PWY-5392: reductive TCA cycle II,0.020370033,IL vs H,102,0.073294583,IL,0,126.4684386,215.8042694,32.07947672,43.67171562,0,242.3817373,0,51.57469356,0,0,0,0,27.2332836,238.8772328,85.7743156,0,0,0,45.15515362,0,47.18031023,69.15234751,116.3121105
PHOSLIPSYN-PWY: superpathway of phospholipid biosynthesis I (bacteria),0.021811498,IL vs H,108,0.038721139,IL,1895.731639,5306.564856,3245.841435,2540.384471,2462.636745,2233.369599,3307.744793,2078.430458,2568.459767,1824.690895,1964.737525,989.8442468,863.7347845,2589.532292,3258.687918,2722.030824,1688.68466,2583.903232,1778.287436,2726.635383,1650.38841,2564.128014,3080.719883,2397.481404
PWY-7357: thiamine phosphate formation from pyrithiamine and oxythiamine (yeast),0.02212832,IL vs H,116,0.010044539,IL,728.8272766,2665.708489,1836.047825,837.8006786,833.7181956,945.6094643,1696.494649,605.1247265,1089.796008,553.4940587,597.446096,294.8204206,387.6490743,799.3053128,947.5528995,952.7613959,664.2759239,404.8324631,732.3667865,681.8606731,367.4887629,633.4077813,906.0639761,1004.756283
PWY-5188: tetrapyrrole biosynthesis I (from glutamate),0.022392957,IL vs H,109,0.033241425,IL,6170.762691,12886.46233,8242.653864,6027.015088,5260.50986,6359.517662,8333.723121,4012.888551,6423.934542,4897.73464,5267.427956,2464.023375,2149.5941,5759.653889,6696.496121,6865.845623,4177.020505,4873.134039,3901.484445,5913.253175,3798.126676,6371.718983,6693.330084,5573.152495
PWY-7953: UDP-N-acetylmuramoyl-pentapeptide biosynthesis III (meso-diaminopimelate containing),0.022957273,IL vs H,109,0.033241425,IL,5224.354766,11906.8185,7821.153886,4910.671598,5162.884287,5453.453763,7656.246701,4205.091945,6198.174482,3879.409389,4577.87016,1687.995165,2152.97894,5494.071303,6121.13871,5761.381903,3675.560573,4540.528391,4082.421768,4916.104355,2941.009224,4992.888112,6768.694507,4884.602622
PWY0-1297: superpathway of purine deoxyribonucleosides degradation,0.025771584,IL vs H,38,0.051864611,H,2165.274712,4771.161395,4569.799751,2215.737448,1955.367766,2780.287341,4718.513599,2097.428371,5418.16424,4323.460971,4532.131633,2399.530628,1936.497964,4666.35131,3608.710024,2746.545578,4066.919606,2535.886832,4085.465656,4939.908241,3293.329613,5140.372969,5504.615058,3272.194777
PWY-7820: teichuronic acid biosynthesis (B. subtilis 168),0.026267097,IL vs H,39,0.030981723,H,0,0,21.26642419,8.761238158,0,0,0,0,15.16837179,0,17.04119785,0,0,0,0,0,12.63207372,0,31.45987111,45.91950991,13.71841272,39.08727117,0,0
PWY-6478: GDP-D-glycero-&alpha;-D-manno-heptose biosynthesis,0.026381712,IL vs H,27,0.009293376,H,13.51770369,13.3698629,24.94240557,39.01077902,0,0,0,12.59935239,38.78133476,19.11905148,45.74456779,0,14.03656325,59.69648823,21.50321578,0,45.15801988,0,43.63016256,15.29496793,13.29734503,20.48053978,149.5456096,0
PWY-7392: taxadiene biosynthesis (engineered),0.027007376,IL vs H,108,0.040230146,IL,429.9287838,798.3637148,184.2080345,143.0916222,170.5043613,337.0315421,830.8074858,0,0,131.2769222,68.34100001,32.23706318,112.3569754,282.4105201,339.6604384,348.9960864,180.8227483,159.8897222,38.60639565,33.15060837,71.02004684,161.7223547,278.3864185,0
PWY-6922: L-N&delta;-acetylornithine biosynthesis,0.028322521,IL vs H,108,0.038721139,IL,1658.252133,2782.848964,2914.948518,1194.541764,1252.20051,1609.450916,2981.34661,1210.403455,2082.263968,1226.642362,1128.727285,661.0326946,783.951195,1992.796452,2099.746599,1818.900516,893.1696382,1094.068795,1028.978366,1708.547675,760.64486,1511.466106,1892.240417,2040.397967
PROTOCATECHUATE-ORTHO-CLEAVAGE-PWY: protocatechuate degradation II (ortho-cleavage pathway),0.028426844,IL vs H,105,0.059657061,IL,799.9275705,1530.125282,1280.519795,654.4375725,692.3459267,808.5064959,1510.199014,489.8862066,919.3750783,644.1977466,836.8570756,460.5958545,380.9933816,965.7367591,1106.054984,945.5083504,601.2144943,657.5491265,669.3170851,805.8919182,491.315553,665.0330927,885.5010119,1029.258931
PWY-1861: formaldehyde assimilation II (assimilatory RuMP Cycle),0.029004269,IL vs H,36,0.038721139,H,112.3919858,215.0269776,121.3034318,215.3257329,155.4045571,252.3083417,242.3312609,184.5965006,110.6081575,220.530194,283.5252297,174.0414459,115.8172343,364.6999508,186.7993249,187.4299344,289.1489198,417.4947953,418.8989772,515.2187475,273.7709019,499.5207971,692.0570452,78.99435694
PWY-6948: sitosterol degradation to androstenedione,0.029782983,IL vs H,132,0.000125309,IL,145.3553019,606.7280329,19.60137607,21.04805647,0,136.1109186,370.3482624,0,0,0,0,0,0,0,86.48216877,64.71765214,0,18.37154378,0,0,0,0,0,16.02397461
PWY0-42: 2-methylcitrate cycle I,0.029804536,IL vs H,128,0.000656027,IL,754.8139036,3294.461832,1170.287551,651.7545791,521.877235,736.131333,1783.318879,577.8070158,575.9565157,338.1095656,580.1982217,243.1487229,375.9352415,652.1551572,803.5760154,793.9439392,464.5702969,467.0984066,507.5368394,555.5410895,338.0787299,453.7689058,692.2294238,734.2453637
OANTIGEN-PWY: O-antigen building blocks biosynthesis (E. coli),0.02988092,IL vs H,106,0.051864611,IL,3379.926065,8690.206054,5450.044568,3244.953755,3013.535683,3553.307021,4981.737239,2715.824255,4286.296262,2920.444622,2861.923424,1173.968018,1132.871301,3759.754827,3960.292325,3766.677214,2013.807449,2819.368799,2661.745817,3557.160976,1456.198954,2829.848278,4050.87994,3208.070218
PWY-6641: superpathway of sulfolactate degradation,0.030588137,IL vs H,104,0.068361441,IL,23.36035856,191.8583196,72.54872482,48.9163579,165.5343894,37.7779097,35.86245038,86.02126386,117.2015753,17.34886243,30.49396092,17.18680377,18.48413133,68.48331031,137.5258205,187.1502359,71.52985158,154.5431134,104.4577879,41.68680694,91.05001166,56.22050857,86.0365598,167.1034411
PWY-6386: UDP-N-acetylmuramoyl-pentapeptide biosynthesis II (lysine-containing),0.030837542,IL vs H,105,0.059657061,IL,5651.380687,11356.01624,8588.231097,5199.980048,5424.276715,5915.132747,8184.754167,4501.310071,6813.809272,4488.783223,5141.676559,2092.353126,2477.869836,5959.341578,6641.607139,6318.633423,4215.577585,4931.358568,4673.53633,5628.630254,3506.723604,5770.838604,7234.011475,5474.135701
PWY-6700: queuosine biosynthesis I (de novo),0.031167786,IL vs H,104,0.068361441,IL,5732.736397,10976.5151,8229.178564,6130.902547,5500.534923,6219.865172,7385.388665,4594.437784,6431.529867,4722.13369,4923.698366,2690.83439,2989.348085,5842.980458,6717.42322,6588.912498,4713.029193,4475.080998,5064.136468,5738.622314,3718.86764,5850.714539,7050.216985,5017.082064
PWY0-1586: peptidoglycan maturation (meso-diaminopimelate containing),0.032902233,IL vs H,134,0.000102805,IL,2479.163077,16458.10123,5705.259984,2541.927718,2154.269604,2656.551711,5651.796427,1716.736772,2435.098495,1340.979082,1917.332934,560.8037939,839.7524082,2342.805226,2903.550995,3010.874354,1269.453737,1966.492681,1454.487829,1986.40341,1423.18202,1416.216436,1948.071533,4001.753081
PWY-5981: CDP-diacylglycerol biosynthesis III,0.03307708,IL vs H,110,0.028420698,IL,606.9395136,1458.805979,1495.232715,385.8404562,749.9386486,629.8120326,1054.748572,550.9308998,591.4386589,594.4156752,586.90286,282.5112336,247.6938415,715.8348407,713.1827331,823.0408329,592.9226908,351.5343481,443.6540356,682.1723736,546.9796628,566.369019,613.1256635,762.4874113
HEMESYN2-PWY: heme b biosynthesis II (oxygen-independent),0.03435518,IL vs H,140,8.88E-06,IL,761.5257578,7684.195414,1859.534347,997.5559995,1054.735316,878.0417902,1408.61298,776.6770779,656.112911,223.9107056,534.2096912,231.8474012,193.1601553,542.2583551,904.5101943,1389.993282,321.7243319,570.5277106,234.7415154,405.984847,148.7395705,126.8469292,857.5142996,1434.614139
PWY0-781: aspartate superpathway,0.034729445,IL vs H,106,0.051864611,IL,1684.161527,3717.386705,3338.46589,1746.791355,1616.176846,1968.00812,2981.309301,898.1809655,2328.655109,1549.240698,1692.747539,591.167582,596.3942073,1725.985492,2188.893494,1960.129335,977.6967477,1242.184682,1392.382795,1799.085331,749.1357356,1463.544907,2407.038062,2015.553917
P108-PWY: pyruvate fermentation to propanoate I,0.035052531,IL vs H,108,0.038721139,IL,835.2370793,1770.482063,1241.448974,664.0096409,727.618404,837.497081,1780.019728,586.0588273,833.161177,682.6444886,645.0731958,358.5971157,292.8401394,916.0556448,1114.577857,1084.489553,579.5912582,860.8274116,627.8143325,1076.149709,829.009039,1058.012754,934.8679521,959.7428307
PWY-7204: pyridoxal 5'-phosphate salvage II (plants),0.0366901,IL vs H,28,0.01050852,H,0,0,0,107.8951409,0,0,0,182.3756134,194.9505745,56.00469696,28.97838723,98.02088765,55.4450794,445.5984042,64.89364898,0,29.55646299,0,73.26218556,186.3348336,70.14458043,102.241027,206.3912566,146.5960094
PWY-5198: factor 420 biosynthesis II (mycobacteria),0.036872835,IL vs H,46,0.126494039,H,0,0,62.16393864,0,11.89917863,32.11961274,59.09595316,25.31154127,216.7649626,0,0,21.58802063,80.04107731,214.7816701,0,0,13.64589879,0,0,118.2739313,0,138.3208026,137.2945111,67.28812558
TRPSYN-PWY: L-tryptophan biosynthesis,0.037046065,IL vs H,100,0.113502328,IL,6571.503923,12357.02615,10217.61672,6134.423262,6476.048257,7209.37165,10037.4082,5207.573953,7949.693355,5298.676774,6261.767838,2630.251112,3504.026806,7549.516709,8620.718949,7374.736168,5926.3483,5699.734217,5765.802754,7007.515172,4006.726755,7080.616926,8250.176594,6872.552266
PWY-6151: S-adenosyl-L-methionine salvage I,0.038234232,IL vs H,128,0.000656027,IL,839.5295071,5623.122047,1342.005379,734.0221642,613.3894256,786.4186438,1518.418371,741.295435,946.0772761,434.3150839,702.7739743,333.8161647,120.7395419,305.4363681,891.4849403,797.2980467,25.25783705,482.0596403,231.5707096,323.3015101,241.193628,217.193505,813.5648682,1200.876309
PWY-6629: superpathway of L-tryptophan biosynthesis,0.038260043,IL vs H,100,0.113502328,IL,5797.882849,11013.12425,9394.681636,5687.613573,5847.416143,6421.877427,8699.124744,4851.280445,7349.136799,5053.469957,5743.673115,2545.965747,2982.363346,6534.988845,7616.465095,6753.671002,5078.949417,4997.445109,5358.822123,6489.107834,3735.591781,6023.269306,7413.674817,6099.396491
PWY66-409: superpathway of purine nucleotide salvage,0.038494016,IL vs H,38,0.051864611,H,4507.884756,7765.284652,8863.395162,4605.85273,3986.595274,5527.528816,7972.533565,4285.684529,9767.298706,7812.903181,7864.648007,4368.967231,3594.51695,8448.79697,6775.592631,5493.250257,7007.970507,4905.535511,7232.853542,9472.066597,5966.510272,9094.435706,10012.42409,6013.876764
PWY-5651: L-tryptophan degradation to 2-amino-3-carboxymuco0te semialdehyde,0.039101766,IL vs H,113,0.017271193,IL,180.1778669,1888.592208,782.5338128,273.5430697,117.8522312,293.3063271,728.0935562,249.4890974,347.8238304,124.1124131,84.20037786,28.09850069,39.50530217,368.5586678,344.2225875,302.379423,93.43073274,286.8288934,153.6616565,77.81137403,90.48751691,189.0987731,378.9880456,346.6728248
PWY-6897: thiamine diphosphate salvage II,0.039783901,IL vs H,109,0.033241425,IL,824.4061594,3332.088218,2060.753449,995.3718253,979.7569765,1056.427191,1958.879089,694.3547538,1320.747819,648.06276,725.5014155,347.3344165,464.9696084,1054.232938,1133.036724,1067.504703,793.5262103,466.4652898,838.8813025,857.8557627,429.9446419,747.2976364,1149.768589,1155.850767
PWY-5384: sucrose degradation IV (sucrose phosphorylase),0.042627796,IL vs H,124,0.001829776,IL,263.1411807,1554.844012,375.4904098,308.7666314,329.7910148,342.5916543,379.8035018,210.299131,202.3929531,288.9137483,142.3460422,46.63122197,59.67640069,185.9105839,348.508179,410.2112273,114.4731746,292.2178794,197.8112304,386.4834843,151.7349568,253.2571653,344.1033359,343.2817242
PWY-5686: UMP biosynthesis I,0.043320796,IL vs H,100,0.113502328,IL,8887.946557,16513.22491,13486.2301,9106.882081,8894.859362,10119.65987,13617.27432,7745.279734,11262.07576,8489.53439,8662.135836,4575.401275,4251.802043,9709.970173,11061.9328,10611.45183,7209.683919,7753.47537,7816.444949,10731.65345,6544.168586,9829.995947,11250.79486,9198.084891
PWY-8181: 2-methyl-branched fatty acid &beta;-oxidation,0.045681429,IL vs H,96,0.171557693,IL,0,112.1649041,415.7780076,0,0,169.3400012,251.5127051,0,71.09812618,33.12934498,28.79343885,26.17038057,0,39.94321735,68.84991697,107.9815833,54.01042623,91.8925784,66.12692168,108.9146458,0,32.0516412,17.29475719,224.7722047
PWY-6270: isoprene biosynthesis I,0.046351176,IL vs H,40,0.068361441,H,2438.576633,4164.299561,4716.008731,2301.8582,2693.119336,2683.070171,4752.282387,2484.789181,5465.81165,4441.688336,4144.83217,2364.472645,2038.813394,5048.198182,3715.621972,2926.067287,3477.50921,2565.647749,3836.794043,5105.237374,2962.923934,5076.658287,5682.780148,3146.229549
PROPFERM-PWY: superpathway of L-alanine fermentation (Stickland reaction),0.046443146,IL vs H,95,0.156804259,IL,32.0318018,176.5011745,181.9877487,39.82224407,0,0,120.1959969,0,0,0,47.71774212,0,0,52.73612884,0,0,0,36.68285924,13.69598794,0,0,50.30714616,0,259.7969821
PWY-8188: L-alanine degradation VI (reductive Stickland reaction),0.046443146,IL vs H,95,0.156804259,IL,32.0318018,176.5011745,181.9877487,39.82224407,0,0,120.1959969,0,0,0,47.71774212,0,0,52.73612884,0,0,0,36.68285924,13.69598794,0,0,50.30714616,0,259.7969821
PWY-8189: L-alanine degradation V (oxidative Stickland reaction),0.046443146,IL vs H,95,0.156804259,IL,32.0318018,176.5011745,181.9877487,39.82224407,0,0,120.1959969,0,0,0,47.71774212,0,0,52.73612884,0,0,0,36.68285924,13.69598794,0,0,50.30714616,0,259.7969821
PWY-6387: UDP-N-acetylmuramoyl-pentapeptide biosynthesis I (meso-diaminopimelate containing),0.048585135,IL vs H,102,0.088733786,IL,5757.986608,12067.41424,8967.567717,5534.603832,5780.011326,6250.958518,8311.573718,4816.107057,7312.205199,5097.032555,5455.769867,2407.050748,2537.559879,6471.724502,7047.480424,6757.437458,4655.575952,5136.448737,4985.000874,6286.041288,3812.95152,6023.96753,7651.171306,5557.315992
0DSYN-PWY: 0D de novo biosynthesis II (from tryptophan),0.049437264,IL vs H,113,0.017271193,IL,234.9476771,2449.194858,1028.565803,369.7792486,155.2763688,399.5405294,933.9427045,258.796096,492.8351935,182.9405867,128.2082868,36.20690642,56.45272367,502.9196552,465.1982493,373.377677,109.0860226,353.3523216,211.4862781,111.1475756,119.68126,249.415204,530.5985535,447.0139442
PWY-8182: valproate &beta;-oxidation,0.049677543,IL vs H,97,0.154043014,IL,0,107.4162362,561.2500945,0,0,220.6396246,240.0190458,0,68.92653146,31.73689369,25.6603666,42.43456498,0,61.16940732,81.66398417,120.4319941,89.0990066,147.6061845,63.53445148,118.0970069,0,33.7391606,15.97012255,279.9130191