Correct,p_value,Group1,Group2,P_Value,Higher_Group,IL_W_FUL_R10,IL_W_FUL_R4,IL_W_DES_R1,IL_W_DES_R6,IL_W_DES_R8,IL_D_WEB_R1,IL_D_WEB_R9,IL_D_CDB_R7,H_W_FUL_R10,H_W_DES_R10,H_W_FUL_R4,H_W_DES_R6,H_D_CDB_R10,H_D_CDB_R7,IL_W_FUL_R3,IL_D_CDB_R3,H_D_WEB_R1,IL_D_WEB_R2,H_D_WEB_R10,H_W_FUL_R9,H_D_CDB_R5,H_D_WEB_R5,H_W_DES_R8,IL_D_CDB_R1
ASPASN-PWY: superpathway of L-aspartate and L-asparagine biosynthesis,0.017417815,IL_D,H_D,0.03030303,IL_D,1718.684837,4857.054174,2507.578448,2167.868271,2128.068542,2095.791702,2109.582588,1348.49131,1695.720915,1382.206546,1658.179998,942.3065971,790.3828732,1731.514313,2669.230147,2464.596604,1326.292179,2099.414275,1173.392859,2075.640787,1646.061396,2020.437126,1718.834616,2338.423124
ASPASN-PWY: superpathway of L-aspartate and L-asparagine biosynthesis,0.017417815,IL_W,H_D,0.025974026,IL_W,1718.684837,4857.054174,2507.578448,2167.868271,2128.068542,2095.791702,2109.582588,1348.49131,1695.720915,1382.206546,1658.179998,942.3065971,790.3828732,1731.514313,2669.230147,2464.596604,1326.292179,2099.414275,1173.392859,2075.640787,1646.061396,2020.437126,1718.834616,2338.423124
ASPASN-PWY: superpathway of L-aspartate and L-asparagine biosynthesis,0.017417815,IL_W,H_W,0.025974026,IL_W,1718.684837,4857.054174,2507.578448,2167.868271,2128.068542,2095.791702,2109.582588,1348.49131,1695.720915,1382.206546,1658.179998,942.3065971,790.3828732,1731.514313,2669.230147,2464.596604,1326.292179,2099.414275,1173.392859,2075.640787,1646.061396,2020.437126,1718.834616,2338.423124
,,,,,,,,,,,,,,,,,,,,,,,,,,,,,
CRNFORCAT-PWY: creatinine degradation I,0.003069616,IL_W,H_D,0.012987013,H_D,38.5109222,265.6215259,217.9384338,197.545864,263.5543953,124.2962421,618.8991995,79.64212677,393.2316154,316.5936034,354.3819462,254.8116844,368.7864374,383.0051766,210.7107048,175.5723628,505.0545414,60.00576263,535.5856085,628.5431048,529.7291645,629.4420741,362.9790436,158.1983188
CRNFORCAT-PWY: creatinine degradation I,0.003069616,IL_W,H_W,0.025974026,H_W,38.5109222,265.6215259,217.9384338,197.545864,263.5543953,124.2962421,618.8991995,79.64212677,393.2316154,316.5936034,354.3819462,254.8116844,368.7864374,383.0051766,210.7107048,175.5723628,505.0545414,60.00576263,535.5856085,628.5431048,529.7291645,629.4420741,362.9790436,158.1983188
,,,,,,,,,,,,,,,,,,,,,,,,,,,,,
DENITRIFICATION-PWY: nitrate reduction I (denitrification),1.17E-07,IL_D,H_D,0.003246753,IL_D,125.222988,177.2902654,198.7299911,160.8208402,276.6303651,174.706539,221.1436312,231.872189,8.102936906,0,22.48833994,13.1490856,0,6.446906311,206.6271793,371.7179011,46.54779096,220.9323539,18.87945334,68.20883014,41.48069742,91.51592648,75.2015399,236.836314
DENITRIFICATION-PWY: nitrate reduction I (denitrification),1.17E-07,IL_W,H_D,0.003246753,IL_W,125.222988,177.2902654,198.7299911,160.8208402,276.6303651,174.706539,221.1436312,231.872189,8.102936906,0,22.48833994,13.1490856,0,6.446906311,206.6271793,371.7179011,46.54779096,220.9323539,18.87945334,68.20883014,41.48069742,91.51592648,75.2015399,236.836314
DENITRIFICATION-PWY: nitrate reduction I (denitrification),1.17E-07,IL_D,H_W,0.003246753,IL_D,125.222988,177.2902654,198.7299911,160.8208402,276.6303651,174.706539,221.1436312,231.872189,8.102936906,0,22.48833994,13.1490856,0,6.446906311,206.6271793,371.7179011,46.54779096,220.9323539,18.87945334,68.20883014,41.48069742,91.51592648,75.2015399,236.836314
DENITRIFICATION-PWY: nitrate reduction I (denitrification),1.17E-07,IL_W,H_W,0.003246753,IL_W,125.222988,177.2902654,198.7299911,160.8208402,276.6303651,174.706539,221.1436312,231.872189,8.102936906,0,22.48833994,13.1490856,0,6.446906311,206.6271793,371.7179011,46.54779096,220.9323539,18.87945334,68.20883014,41.48069742,91.51592648,75.2015399,236.836314
,,,,,,,,,,,,,,,,,,,,,,,,,,,,,
GALLATE-DEGRADATION-I-PWY: gallate degradation II,0.000270381,IL_D,H_D,0.006493506,IL_D,91.38570616,83.04144,131.8248684,89.96696412,108.1069456,145.9882629,198.3071302,53.29735466,98.21468694,0,60.35677067,0,23.67812632,19.61616789,159.1814993,165.7670377,21.93549322,78.15569123,38.26304363,90.16497063,0,40.64408039,60.31391301,154.4246555
GALLATE-DEGRADATION-I-PWY: gallate degradation II,0.000270381,IL_W,H_D,0.006493506,IL_W,91.38570616,83.04144,131.8248684,89.96696412,108.1069456,145.9882629,198.3071302,53.29735466,98.21468694,0,60.35677067,0,23.67812632,19.61616789,159.1814993,165.7670377,21.93549322,78.15569123,38.26304363,90.16497063,0,40.64408039,60.31391301,154.4246555
GALLATE-DEGRADATION-II-PWY: gallate degradation I,0.008296697,IL_D,H_D,0.02602148,IL_D,86.11936503,26.30163664,87.42637963,55.46407699,0,60.41214596,147.6288913,23.9314315,55.83640349,0,24.35340163,0,13.27562562,0,99.93377451,37.90883501,0,42.47243124,15.66800234,29.12869219,0,0,20.28100771,90.01741318
,,,,,,,,,,,,,,,,,,,,,,,,,,,,,
GLUCOSE1PMETAB-PWY: glucose and glucose-1-phosphate degradation,0.007923145,IL_D,H_D,0.045454545,IL_D,3800.660092,5445.706298,5009.092385,4117.620913,4062.14471,4054.320662,4769.495682,3194.055811,4084.83145,2738.272773,3688.282286,2083.755947,1470.031438,2984.127547,4490.644607,5245.022753,3050.914866,3366.629127,2694.03892,3812.086586,2479.896579,4516.583348,3547.578197,4567.911727
GLUCOSE1PMETAB-PWY: glucose and glucose-1-phosphate degradation,0.007923145,IL_W,H_W,0.045454545,IL_W,3800.660092,5445.706298,5009.092385,4117.620913,4062.14471,4054.320662,4769.495682,3194.055811,4084.83145,2738.272773,3688.282286,2083.755947,1470.031438,2984.127547,4490.644607,5245.022753,3050.914866,3366.629127,2694.03892,3812.086586,2479.896579,4516.583348,3547.578197,4567.911727
,,,,,,,,,,,,,,,,,,,,,,,,,,,,,
GLUDEG-I-PWY: GABA shunt,0.017012708,IL_D,H_D,0.006493506,IL_D,168.8354184,620.7979758,269.9366957,284.7891538,182.3419163,254.2841402,658.6338571,194.5038025,197.7323802,97.75544126,190.3497353,31.16071535,60.50470781,146.5927264,333.2321088,185.3255976,68.60769324,302.7302628,140.0925373,191.7360835,122.3982808,130.9541536,164.9410219,290.827555
GLUDEG-I-PWY: GABA shunt,0.017012708,IL_W,H_D,0.006493506,IL_W,168.8354184,620.7979758,269.9366957,284.7891538,182.3419163,254.2841402,658.6338571,194.5038025,197.7323802,97.75544126,190.3497353,31.16071535,60.50470781,146.5927264,333.2321088,185.3255976,68.60769324,302.7302628,140.0925373,191.7360835,122.3982808,130.9541536,164.9410219,290.827555
,,,,,,,,,,,,,,,,,,,,,,,,,,,,,
GLYCOCAT-PWY: glycogen degradation I,0.001142948,IL_D,H_D,0.03030303,H_D,190.5615071,1015.491828,854.788281,0,220.9205103,84.79638585,488.2169763,112.809355,863.8713904,1046.716146,1025.474778,523.4310612,374.3406416,1182.340699,325.5060275,125.1525468,1028.343984,380.6321435,909.9740223,1118.388406,729.5150679,1298.115543,1233.297694,425.9958054
GLYCOCAT-PWY: glycogen degradation I,0.001142948,IL_D,H_W,0.012987013,H_W,190.5615071,1015.491828,854.788281,0,220.9205103,84.79638585,488.2169763,112.809355,863.8713904,1046.716146,1025.474778,523.4310612,374.3406416,1182.340699,325.5060275,125.1525468,1028.343984,380.6321435,909.9740223,1118.388406,729.5150679,1298.115543,1233.297694,425.9958054
GLYCOCAT-PWY: glycogen degradation I,0.001142948,IL_W,H_W,0.03030303,H_W,190.5615071,1015.491828,854.788281,0,220.9205103,84.79638585,488.2169763,112.809355,863.8713904,1046.716146,1025.474778,523.4310612,374.3406416,1182.340699,325.5060275,125.1525468,1028.343984,380.6321435,909.9740223,1118.388406,729.5150679,1298.115543,1233.297694,425.9958054
,,,,,,,,,,,,,,,,,,,,,,,,,,,,,
GLYCOL-GLYOXDEG-PWY: superpathway of glycol metabolism and degradation,2.85E-05,IL_D,H_D,0.008658009,H_D,0,140.4790663,44.65299298,39.58050967,101.8613427,30.51438045,33.53174666,29.52427618,221.3377345,183.9571391,212.4210994,121.861837,57.51060232,347.4444333,56.14579174,12.21589292,213.8762045,69.96737427,230.0867042,144.5935473,231.3141246,267.12508,146.2402728,0
GLYCOL-GLYOXDEG-PWY: superpathway of glycol metabolism and degradation,2.85E-05,IL_W,H_D,0.012987013,H_D,0,140.4790663,44.65299298,39.58050967,101.8613427,30.51438045,33.53174666,29.52427618,221.3377345,183.9571391,212.4210994,121.861837,57.51060232,347.4444333,56.14579174,12.21589292,213.8762045,69.96737427,230.0867042,144.5935473,231.3141246,267.12508,146.2402728,0
GLYCOL-GLYOXDEG-PWY: superpathway of glycol metabolism and degradation,2.85E-05,IL_D,H_W,0.008658009,H_W,0,140.4790663,44.65299298,39.58050967,101.8613427,30.51438045,33.53174666,29.52427618,221.3377345,183.9571391,212.4210994,121.861837,57.51060232,347.4444333,56.14579174,12.21589292,213.8762045,69.96737427,230.0867042,144.5935473,231.3141246,267.12508,146.2402728,0
GLYCOL-GLYOXDEG-PWY: superpathway of glycol metabolism and degradation,2.85E-05,IL_W,H_W,0.008658009,H_W,0,140.4790663,44.65299298,39.58050967,101.8613427,30.51438045,33.53174666,29.52427618,221.3377345,183.9571391,212.4210994,121.861837,57.51060232,347.4444333,56.14579174,12.21589292,213.8762045,69.96737427,230.0867042,144.5935473,231.3141246,267.12508,146.2402728,0
,,,,,,,,,,,,,,,,,,,,,,,,,,,,,
HEME-BIOSYNTHESIS-II-1: heme b biosynthesis V (aerobic),0.043224399,IL_W,H_D,0.012987013,IL_W,3514.139059,9042.085995,5658.386619,3561.460673,3642.053078,4029.379025,5555.946346,2465.332173,3793.347527,2591.536098,2946.04578,1210.609479,1787.748211,3401.288895,4292.850619,4255.391512,2589.406427,2670.203809,2855.029941,3920.646955,1734.845714,3035.014198,4344.587739,3708.493023
,,,,,,,,,,,,,,,,,,,,,,,,,,,,,
METHYLGALLATE-DEGRADATION-PWY: methylgallate degradation,0.000314108,IL_D,H_D,0.006493506,IL_D,110.284409,102.1971075,160.6885905,108.6874246,127.2236837,174.5020509,241.0806128,64.34770606,119.340664,0,74.02778274,0,29.14830208,24.35490202,192.405573,197.2027293,26.84649921,93.60401719,46.99553664,109.7934383,0,49.61139586,74.41674907,186.5385387
METHYLGALLATE-DEGRADATION-PWY: methylgallate degradation,0.000314108,IL_W,H_D,0.006493506,IL_W,110.284409,102.1971075,160.6885905,108.6874246,127.2236837,174.5020509,241.0806128,64.34770606,119.340664,0,74.02778274,0,29.14830208,24.35490202,192.405573,197.2027293,26.84649921,93.60401719,46.99553664,109.7934383,0,49.61139586,74.41674907,186.5385387
,,,,,,,,,,,,,,,,,,,,,,,,,,,,,
"P125-PWY: superpathway of (R,R)-butanediol biosynthesis",0.003096348,IL_D,H_D,0.025974026,IL_D,171.1348098,344.3264183,252.0090627,186.1507949,121.6502421,113.4418301,346.4270515,147.8646771,206.8113281,157.7986282,151.301217,33.39120159,0,49.7385961,305.5262182,213.0802089,120.9674474,187.5066961,64.06705843,116.3068395,87.41753265,115.2513658,104.9094262,222.9697197
"P125-PWY: superpathway of (R,R)-butanediol biosynthesis",0.003096348,IL_W,H_D,0.012987013,IL_W,171.1348098,344.3264183,252.0090627,186.1507949,121.6502421,113.4418301,346.4270515,147.8646771,206.8113281,157.7986282,151.301217,33.39120159,0,49.7385961,305.5262182,213.0802089,120.9674474,187.5066961,64.06705843,116.3068395,87.41753265,115.2513658,104.9094262,222.9697197
,,,,,,,,,,,,,,,,,,,,,,,,,,,,,
P184-PWY: protocatechuate degradation I (meta-cleavage pathway),0.000485892,IL_D,H_D,0.006493506,IL_D,95.67538953,118.2333469,133.7888008,104.350781,106.7541523,145.7802144,243.343927,64.51937248,122.7727034,0,76.87984939,0,13.91159729,13.341354,138.0476433,176.8315843,18.29391277,85.05686997,52.77244902,114.6001631,0,46.48975939,54.47989758,167.1754185
P184-PWY: protocatechuate degradation I (meta-cleavage pathway),0.000485892,IL_W,H_D,0.006493506,IL_W,95.67538953,118.2333469,133.7888008,104.350781,106.7541523,145.7802144,243.343927,64.51937248,122.7727034,0,76.87984939,0,13.91159729,13.341354,138.0476433,176.8315843,18.29391277,85.05686997,52.77244902,114.6001631,0,46.48975939,54.47989758,167.1754185
,,,,,,,,,,,,,,,,,,,,,,,,,,,,,
P185-PWY: formaldehyde assimilation III (dihydroxyacetone cycle),0.000260514,IL_D,H_D,0.012987013,H_D,41.77539634,610.6731626,625.2591362,194.3230904,97.33213606,247.9336784,172.6569888,220.6188681,1316.12016,645.5291657,866.2933043,454.6973631,432.9563869,1034.42159,339.0142301,273.3180184,1063.104301,156.4780772,964.7202908,1139.067869,933.0843911,1466.614413,1574.291687,576.5450248
P185-PWY: formaldehyde assimilation III (dihydroxyacetone cycle),0.000260514,IL_W,H_D,0.012987013,H_D,41.77539634,610.6731626,625.2591362,194.3230904,97.33213606,247.9336784,172.6569888,220.6188681,1316.12016,645.5291657,866.2933043,454.6973631,432.9563869,1034.42159,339.0142301,273.3180184,1063.104301,156.4780772,964.7202908,1139.067869,933.0843911,1466.614413,1574.291687,576.5450248
P185-PWY: formaldehyde assimilation III (dihydroxyacetone cycle),0.000260514,IL_D,H_W,0.012987013,H_W,41.77539634,610.6731626,625.2591362,194.3230904,97.33213606,247.9336784,172.6569888,220.6188681,1316.12016,645.5291657,866.2933043,454.6973631,432.9563869,1034.42159,339.0142301,273.3180184,1063.104301,156.4780772,964.7202908,1139.067869,933.0843911,1466.614413,1574.291687,576.5450248
P185-PWY: formaldehyde assimilation III (dihydroxyacetone cycle),0.000260514,IL_W,H_W,0.012987013,H_W,41.77539634,610.6731626,625.2591362,194.3230904,97.33213606,247.9336784,172.6569888,220.6188681,1316.12016,645.5291657,866.2933043,454.6973631,432.9563869,1034.42159,339.0142301,273.3180184,1063.104301,156.4780772,964.7202908,1139.067869,933.0843911,1466.614413,1574.291687,576.5450248
,,,,,,,,,,,,,,,,,,,,,,,,,,,,,
P23-PWY: reductive TCA cycle I,6.10E-05,IL_D,H_D,0.012987013,H_D,1503.773439,989.2123931,3122.653714,2495.180183,2388.69516,2462.318135,2490.879534,1922.720558,5976.674606,4970.695609,5712.276569,2832.488229,2939.670553,5297.197078,3135.976627,3612.123933,4868.14968,2580.985149,4930.076085,6367.202854,4360.008851,6533.377369,5115.655637,2789.43131
P23-PWY: reductive TCA cycle I,6.10E-05,IL_W,H_D,0.012987013,H_D,1503.773439,989.2123931,3122.653714,2495.180183,2388.69516,2462.318135,2490.879534,1922.720558,5976.674606,4970.695609,5712.276569,2832.488229,2939.670553,5297.197078,3135.976627,3612.123933,4868.14968,2580.985149,4930.076085,6367.202854,4360.008851,6533.377369,5115.655637,2789.43131
P23-PWY: reductive TCA cycle I,6.10E-05,IL_D,H_W,0.012987013,H_W,1503.773439,989.2123931,3122.653714,2495.180183,2388.69516,2462.318135,2490.879534,1922.720558,5976.674606,4970.695609,5712.276569,2832.488229,2939.670553,5297.197078,3135.976627,3612.123933,4868.14968,2580.985149,4930.076085,6367.202854,4360.008851,6533.377369,5115.655637,2789.43131
P23-PWY: reductive TCA cycle I,6.10E-05,IL_W,H_W,0.012987013,H_W,1503.773439,989.2123931,3122.653714,2495.180183,2388.69516,2462.318135,2490.879534,1922.720558,5976.674606,4970.695609,5712.276569,2832.488229,2939.670553,5297.197078,3135.976627,3612.123933,4868.14968,2580.985149,4930.076085,6367.202854,4360.008851,6533.377369,5115.655637,2789.43131
,,,,,,,,,,,,,,,,,,,,,,,,,,,,,
P261-PWY: coenzyme M biosynthesis I,0.0031567,IL_D,H_D,0.045454545,IL_D,228.6574218,0,180.680897,178.5158216,171.5365223,248.504118,332.7857227,104.1177068,19.94221494,65.76987472,15.62083876,50.18675794,38.33519424,94.49760221,216.0253458,255.1061478,134.1895737,158.9345633,48.90425731,90.55050928,48.24330032,105.5987693,93.19168425,112.7668156
P261-PWY: coenzyme M biosynthesis I,0.0031567,IL_D,H_W,0.012987013,IL_D,228.6574218,0,180.680897,178.5158216,171.5365223,248.504118,332.7857227,104.1177068,19.94221494,65.76987472,15.62083876,50.18675794,38.33519424,94.49760221,216.0253458,255.1061478,134.1895737,158.9345633,48.90425731,90.55050928,48.24330032,105.5987693,93.19168425,112.7668156
,,,,,,,,,,,,,,,,,,,,,,,,,,,,,
"P4-PWY: superpathway of L-lysine, L-threonine and L-methionine biosynthesis I",0.026377378,IL_W,H_D,0.012987013,IL_W,2032.181498,3651.972305,3349.94438,1873.197954,1686.99195,2108.067219,3011.815989,1266.293598,2248.371176,1550.030625,1713.363604,564.8048543,633.3269991,1655.409716,2334.842722,2601.826025,1211.611936,1271.976283,1571.485711,1764.698225,827.8944446,1639.5288,2332.613953,2381.005166
P42-PWY: incomplete reductive TCA cycle,3.05E-05,IL_D,H_D,0.022727273,H_D,1602.234534,1675.56064,3158.238902,2324.534443,2174.818661,2274.226274,2688.063378,2200.696026,5335.695609,4963.028931,5524.312851,3240.72471,2617.258536,4540.520493,3166.433723,3133.206491,4940.252647,2693.276405,4775.898208,5658.920589,4750.771063,6828.052914,5051.213824,2593.935163
P42-PWY: incomplete reductive TCA cycle,3.05E-05,IL_W,H_D,0.017316017,H_D,1602.234534,1675.56064,3158.238902,2324.534443,2174.818661,2274.226274,2688.063378,2200.696026,5335.695609,4963.028931,5524.312851,3240.72471,2617.258536,4540.520493,3166.433723,3133.206491,4940.252647,2693.276405,4775.898208,5658.920589,4750.771063,6828.052914,5051.213824,2593.935163
P42-PWY: incomplete reductive TCA cycle,3.05E-05,IL_D,H_W,0.006493506,H_W,1602.234534,1675.56064,3158.238902,2324.534443,2174.818661,2274.226274,2688.063378,2200.696026,5335.695609,4963.028931,5524.312851,3240.72471,2617.258536,4540.520493,3166.433723,3133.206491,4940.252647,2693.276405,4775.898208,5658.920589,4750.771063,6828.052914,5051.213824,2593.935163
P42-PWY: incomplete reductive TCA cycle,3.05E-05,IL_W,H_W,0.006493506,H_W,1602.234534,1675.56064,3158.238902,2324.534443,2174.818661,2274.226274,2688.063378,2200.696026,5335.695609,4963.028931,5524.312851,3240.72471,2617.258536,4540.520493,3166.433723,3133.206491,4940.252647,2693.276405,4775.898208,5658.920589,4750.771063,6828.052914,5051.213824,2593.935163
,,,,,,,,,,,,,,,,,,,,,,,,,,,,,
"P461-PWY: hexitol fermentation to lactate, formate, ethanol and acetate",3.86E-09,IL_D,H_D,0.003246753,H_D,24.09139849,654.6584318,165.096315,85.90364639,51.24777767,114.5402636,181.9381845,237.1574034,1479.471567,1336.481523,1522.610671,1018.053555,815.719656,1286.910118,75.32159215,109.1303295,1470.623892,18.35304893,1250.638722,1951.941113,1310.444199,1806.088209,1450.657939,309.0332032
"P461-PWY: hexitol fermentation to lactate, formate, ethanol and acetate",3.86E-09,IL_W,H_D,0.003246753,H_D,24.09139849,654.6584318,165.096315,85.90364639,51.24777767,114.5402636,181.9381845,237.1574034,1479.471567,1336.481523,1522.610671,1018.053555,815.719656,1286.910118,75.32159215,109.1303295,1470.623892,18.35304893,1250.638722,1951.941113,1310.444199,1806.088209,1450.657939,309.0332032
"P461-PWY: hexitol fermentation to lactate, formate, ethanol and acetate",3.86E-09,IL_D,H_W,0.003246753,H_W,24.09139849,654.6584318,165.096315,85.90364639,51.24777767,114.5402636,181.9381845,237.1574034,1479.471567,1336.481523,1522.610671,1018.053555,815.719656,1286.910118,75.32159215,109.1303295,1470.623892,18.35304893,1250.638722,1951.941113,1310.444199,1806.088209,1450.657939,309.0332032
"P461-PWY: hexitol fermentation to lactate, formate, ethanol and acetate",3.86E-09,IL_W,H_W,0.003246753,H_W,24.09139849,654.6584318,165.096315,85.90364639,51.24777767,114.5402636,181.9381845,237.1574034,1479.471567,1336.481523,1522.610671,1018.053555,815.719656,1286.910118,75.32159215,109.1303295,1470.623892,18.35304893,1250.638722,1951.941113,1310.444199,1806.088209,1450.657939,309.0332032
,,,,,,,,,,,,,,,,,,,,,,,,,,,,,
P562-PWY: myo-inositol degradation I,0.001516325,IL_D,H_D,0.049984125,H_D,0,0,105.7252046,0,0,0,0,0,200.5002034,173.3737445,136.959586,0,0,245.6423472,0,19.40470027,90.57015214,0,190.1306408,165.189718,88.78417768,67.29665882,221.6050769,18.94130198
P562-PWY: myo-inositol degradation I,0.001516325,IL_D,H_W,0.049984125,H_W,0,0,105.7252046,0,0,0,0,0,200.5002034,173.3737445,136.959586,0,0,245.6423472,0,19.40470027,90.57015214,0,190.1306408,165.189718,88.78417768,67.29665882,221.6050769,18.94130198
P562-PWY: myo-inositol degradation I,0.001516325,IL_W,H_W,0.049984125,H_W,0,0,105.7252046,0,0,0,0,0,200.5002034,173.3737445,136.959586,0,0,245.6423472,0,19.40470027,90.57015214,0,190.1306408,165.189718,88.78417768,67.29665882,221.6050769,18.94130198
,,,,,,,,,,,,,,,,,,,,,,,,,,,,,
PHOTOALL-PWY: oxygenic photosynthesis,0.000513901,IL_D,H_D,0.024381128,H_D,36.85426154,0,33.79734237,95.58450251,0,38.06864738,85.82614558,27.3074567,129.0560932,68.43910895,73.70426967,66.77113478,122.5098568,134.5590926,53.58534575,25.40443709,166.2242718,16.51954785,85.30003183,37.09340213,129.3720826,283.5803691,133.992559,10.40357489
PHOTOALL-PWY: oxygenic photosynthesis,0.000513901,IL_W,H_D,0.024381128,H_D,36.85426154,0,33.79734237,95.58450251,0,38.06864738,85.82614558,27.3074567,129.0560932,68.43910895,73.70426967,66.77113478,122.5098568,134.5590926,53.58534575,25.40443709,166.2242718,16.51954785,85.30003183,37.09340213,129.3720826,283.5803691,133.992559,10.40357489
,,,,,,,,,,,,,,,,,,,,,,,,,,,,,
PPGPPMET-PWY: ppGpp metabolism,0.026908645,IL_D,H_D,0.025974026,IL_D,143.3450034,1005.196292,631.2073441,101.5330458,246.3938139,183.2795068,376.932092,172.0403674,160.167357,93.61308164,144.6822022,0,71.41313816,131.3184969,275.6826527,325.1631026,33.6926844,107.1904772,102.0364757,42.28451849,0,75.82951658,127.0963468,607.0174514
PPGPPMET-PWY: ppGpp metabolism,0.026908645,IL_W,H_D,0.025974026,IL_W,143.3450034,1005.196292,631.2073441,101.5330458,246.3938139,183.2795068,376.932092,172.0403674,160.167357,93.61308164,144.6822022,0,71.41313816,131.3184969,275.6826527,325.1631026,33.6926844,107.1904772,102.0364757,42.28451849,0,75.82951658,127.0963468,607.0174514
PPGPPMET-PWY: ppGpp metabolism,0.026908645,IL_D,H_W,0.03030303,IL_D,143.3450034,1005.196292,631.2073441,101.5330458,246.3938139,183.2795068,376.932092,172.0403674,160.167357,93.61308164,144.6822022,0,71.41313816,131.3184969,275.6826527,325.1631026,33.6926844,107.1904772,102.0364757,42.28451849,0,75.82951658,127.0963468,607.0174514
,,,,,,,,,,,,,,,,,,,,,,,,,,,,,
PWY-101: photosynthesis light reactions,0.000517439,IL_D,H_D,0.012987013,H_D,62.52946387,5.447336068,81.03561824,148.9491002,7.137794178,83.38225788,204.0281175,48.6446141,320.784839,134.3900004,210.6348675,151.814368,232.5384927,310.6777583,138.1418269,59.47612967,353.165928,52.04963702,183.2408176,100.8883968,238.9534369,572.9057031,253.0078522,34.32799875
PWY-101: photosynthesis light reactions,0.000517439,IL_W,H_D,0.012987013,H_D,62.52946387,5.447336068,81.03561824,148.9491002,7.137794178,83.38225788,204.0281175,48.6446141,320.784839,134.3900004,210.6348675,151.814368,232.5384927,310.6777583,138.1418269,59.47612967,353.165928,52.04963702,183.2408176,100.8883968,238.9534369,572.9057031,253.0078522,34.32799875
PWY-101: photosynthesis light reactions,0.000517439,IL_D,H_W,0.03030303,H_W,62.52946387,5.447336068,81.03561824,148.9491002,7.137794178,83.38225788,204.0281175,48.6446141,320.784839,134.3900004,210.6348675,151.814368,232.5384927,310.6777583,138.1418269,59.47612967,353.165928,52.04963702,183.2408176,100.8883968,238.9534369,572.9057031,253.0078522,34.32799875
PWY-101: photosynthesis light reactions,0.000517439,IL_W,H_W,0.038961039,H_W,62.52946387,5.447336068,81.03561824,148.9491002,7.137794178,83.38225788,204.0281175,48.6446141,320.784839,134.3900004,210.6348675,151.814368,232.5384927,310.6777583,138.1418269,59.47612967,353.165928,52.04963702,183.2408176,100.8883968,238.9534369,572.9057031,253.0078522,34.32799875
,,,,,,,,,,,,,,,,,,,,,,,,,,,,,
PWY-1269: CMP-3-deoxy-D-manno-octuloso0te biosynthesis,0.017966338,IL_D,H_D,0.03030303,IL_D,1483.775364,3972.435651,2033.868589,868.6123135,805.1531609,1171.542584,2341.708414,529.9610371,948.565299,468.1986793,417.2789744,200.0679046,107.8799796,849.4908311,1023.012789,863.0040481,348.3023022,346.9914164,235.6258407,362.1326677,180.8741031,257.8389657,783.7003199,912.2649959
PWY-1269: CMP-3-deoxy-D-manno-octuloso0te biosynthesis,0.017966338,IL_W,H_D,0.025974026,IL_W,1483.775364,3972.435651,2033.868589,868.6123135,805.1531609,1171.542584,2341.708414,529.9610371,948.565299,468.1986793,417.2789744,200.0679046,107.8799796,849.4908311,1023.012789,863.0040481,348.3023022,346.9914164,235.6258407,362.1326677,180.8741031,257.8389657,783.7003199,912.2649959
PWY-1269: CMP-3-deoxy-D-manno-octuloso0te biosynthesis,0.017966338,IL_W,H_W,0.025974026,IL_W,1483.775364,3972.435651,2033.868589,868.6123135,805.1531609,1171.542584,2341.708414,529.9610371,948.565299,468.1986793,417.2789744,200.0679046,107.8799796,849.4908311,1023.012789,863.0040481,348.3023022,346.9914164,235.6258407,362.1326677,180.8741031,257.8389657,783.7003199,912.2649959
,,,,,,,,,,,,,,,,,,,,,,,,,,,,,
PWY-1361: benzoyl-CoA degradation I (aerobic),4.31E-06,IL_D,H_D,0.003246753,IL_D,688.4704707,789.9671528,728.3894925,556.1264505,485.1716623,753.8269088,1071.274626,316.6356475,191.9937345,272.0317445,298.954592,98.9133241,74.43816116,219.7533231,779.5614248,934.7210327,217.1535663,517.4766099,149.8704751,213.4447006,250.0300944,311.2504848,168.4560527,774.1229961
PWY-1361: benzoyl-CoA degradation I (aerobic),4.31E-06,IL_W,H_D,0.003246753,IL_W,688.4704707,789.9671528,728.3894925,556.1264505,485.1716623,753.8269088,1071.274626,316.6356475,191.9937345,272.0317445,298.954592,98.9133241,74.43816116,219.7533231,779.5614248,934.7210327,217.1535663,517.4766099,149.8704751,213.4447006,250.0300944,311.2504848,168.4560527,774.1229961
PWY-1361: benzoyl-CoA degradation I (aerobic),4.31E-06,IL_D,H_W,0.003246753,IL_D,688.4704707,789.9671528,728.3894925,556.1264505,485.1716623,753.8269088,1071.274626,316.6356475,191.9937345,272.0317445,298.954592,98.9133241,74.43816116,219.7533231,779.5614248,934.7210327,217.1535663,517.4766099,149.8704751,213.4447006,250.0300944,311.2504848,168.4560527,774.1229961
PWY-1361: benzoyl-CoA degradation I (aerobic),4.31E-06,IL_W,H_W,0.003246753,IL_W,688.4704707,789.9671528,728.3894925,556.1264505,485.1716623,753.8269088,1071.274626,316.6356475,191.9937345,272.0317445,298.954592,98.9133241,74.43816116,219.7533231,779.5614248,934.7210327,217.1535663,517.4766099,149.8704751,213.4447006,250.0300944,311.2504848,168.4560527,774.1229961
,,,,,,,,,,,,,,,,,,,,,,,,,,,,,
PWY-1622: formaldehyde assimilation I (serine pathway),0.002667945,IL_D,H_D,0.006493506,IL_D,169.0495337,81.40082943,271.8528118,250.8624073,288.6669662,226.953612,635.3065101,135.4285821,27.17896414,0,106.7664491,20.25548819,0,122.9348025,298.5494473,359.9858483,78.11514055,143.1518867,87.42974597,80.08555332,29.20682845,99.75233302,23.3642642,171.74378
PWY-1622: formaldehyde assimilation I (serine pathway),0.002667945,IL_W,H_D,0.022727273,IL_W,169.0495337,81.40082943,271.8528118,250.8624073,288.6669662,226.953612,635.3065101,135.4285821,27.17896414,0,106.7664491,20.25548819,0,122.9348025,298.5494473,359.9858483,78.11514055,143.1518867,87.42974597,80.08555332,29.20682845,99.75233302,23.3642642,171.74378
PWY-1622: formaldehyde assimilation I (serine pathway),0.002667945,IL_D,H_W,0.006493506,IL_D,169.0495337,81.40082943,271.8528118,250.8624073,288.6669662,226.953612,635.3065101,135.4285821,27.17896414,0,106.7664491,20.25548819,0,122.9348025,298.5494473,359.9858483,78.11514055,143.1518867,87.42974597,80.08555332,29.20682845,99.75233302,23.3642642,171.74378
PWY-1622: formaldehyde assimilation I (serine pathway),0.002667945,IL_W,H_W,0.008658009,IL_W,169.0495337,81.40082943,271.8528118,250.8624073,288.6669662,226.953612,635.3065101,135.4285821,27.17896414,0,106.7664491,20.25548819,0,122.9348025,298.5494473,359.9858483,78.11514055,143.1518867,87.42974597,80.08555332,29.20682845,99.75233302,23.3642642,171.74378
,,,,,,,,,,,,,,,,,,,,,,,,,,,,,
PWY-5005: biotin biosynthesis II,3.64E-07,IL_D,H_D,0.003473038,H_D,0,0,0,0,0,0,0,0,205.0028339,159.8843432,208.735248,151.0030229,86.26529651,208.8970349,0,0,233.9764379,0,140.9350693,116.4909223,45.35820838,249.8832949,223.2656973,0
PWY-5005: biotin biosynthesis II,3.64E-07,IL_W,H_D,0.003473038,H_D,0,0,0,0,0,0,0,0,205.0028339,159.8843432,208.735248,151.0030229,86.26529651,208.8970349,0,0,233.9764379,0,140.9350693,116.4909223,45.35820838,249.8832949,223.2656973,0
PWY-5005: biotin biosynthesis II,3.64E-07,IL_D,H_W,0.003473038,H_W,0,0,0,0,0,0,0,0,205.0028339,159.8843432,208.735248,151.0030229,86.26529651,208.8970349,0,0,233.9764379,0,140.9350693,116.4909223,45.35820838,249.8832949,223.2656973,0
PWY-5005: biotin biosynthesis II,3.64E-07,IL_W,H_W,0.003473038,H_W,0,0,0,0,0,0,0,0,205.0028339,159.8843432,208.735248,151.0030229,86.26529651,208.8970349,0,0,233.9764379,0,140.9350693,116.4909223,45.35820838,249.8832949,223.2656973,0
,,,,,,,,,,,,,,,,,,,,,,,,,,,,,
PWY-5030: L-histidine degradation III,0.000565152,IL_W,H_D,0.04677496,IL_W,344.2560828,47.90157968,456.3294593,232.2537005,259.4202123,312.3012592,179.84851,19.65501232,90.80120838,40.27005306,115.3502394,49.43486574,0,0,233.7766131,232.5768663,0,204.6245253,24.87260712,110.5512959,20.22932353,104.3502647,100.3840238,265.5496129
,,,,,,,,,,,,,,,,,,,,,,,,,,,,,
PWY-5104: L-isoleucine biosynthesis IV,0.003974283,IL_D,H_D,0.012027149,IL_D,942.5131543,183.0253652,211.5320411,147.9383116,470.1210435,647.8616916,816.3218108,61.32876136,0,0,0,0,0,0,362.8004219,845.0918776,0,0,0,0,0,0,0,313.2206816
PWY-5104: L-isoleucine biosynthesis IV,0.003974283,IL_W,H_D,0.006946075,IL_W,942.5131543,183.0253652,211.5320411,147.9383116,470.1210435,647.8616916,816.3218108,61.32876136,0,0,0,0,0,0,362.8004219,845.0918776,0,0,0,0,0,0,0,313.2206816
PWY-5104: L-isoleucine biosynthesis IV,0.003974283,IL_D,H_W,0.012027149,IL_D,942.5131543,183.0253652,211.5320411,147.9383116,470.1210435,647.8616916,816.3218108,61.32876136,0,0,0,0,0,0,362.8004219,845.0918776,0,0,0,0,0,0,0,313.2206816
PWY-5104: L-isoleucine biosynthesis IV,0.003974283,IL_W,H_W,0.006946075,IL_W,942.5131543,183.0253652,211.5320411,147.9383116,470.1210435,647.8616916,816.3218108,61.32876136,0,0,0,0,0,0,362.8004219,845.0918776,0,0,0,0,0,0,0,313.2206816
,,,,,,,,,,,,,,,,,,,,,,,,,,,,,
PWY-5189: tetrapyrrole biosynthesis II (from glycine),0.00111889,IL_D,H_D,0.017316017,IL_D,5113.729298,5809.778473,6706.43774,4607.63238,5065.193215,5438.275267,7038.019931,3785.701814,4596.072494,3413.751434,3403.882603,1568.290134,2207.226101,3918.531129,6062.551847,5918.516912,3176.868431,3870.106804,3652.746348,4029.730063,2265.608473,3446.940353,4932.073606,4725.875085
PWY-5189: tetrapyrrole biosynthesis II (from glycine),0.00111889,IL_W,H_D,0.012987013,IL_W,5113.729298,5809.778473,6706.43774,4607.63238,5065.193215,5438.275267,7038.019931,3785.701814,4596.072494,3413.751434,3403.882603,1568.290134,2207.226101,3918.531129,6062.551847,5918.516912,3176.868431,3870.106804,3652.746348,4029.730063,2265.608473,3446.940353,4932.073606,4725.875085
PWY-5189: tetrapyrrole biosynthesis II (from glycine),0.00111889,IL_W,H_W,0.012987013,IL_W,5113.729298,5809.778473,6706.43774,4607.63238,5065.193215,5438.275267,7038.019931,3785.701814,4596.072494,3413.751434,3403.882603,1568.290134,2207.226101,3918.531129,6062.551847,5918.516912,3176.868431,3870.106804,3652.746348,4029.730063,2265.608473,3446.940353,4932.073606,4725.875085
,,,,,,,,,,,,,,,,,,,,,,,,,,,,,
PWY-5494: pyruvate fermentation to propanoate II (acrylate pathway),0.011512842,IL_D,H_D,0.012987013,IL_D,180.38219,152.4416876,254.7735834,230.1501492,147.828879,179.9935356,260.477389,188.5636566,238.4476915,179.6655456,136.8865749,96.3215127,92.083829,87.60157284,275.435052,224.2943474,168.868118,212.7393042,141.8962648,185.1801809,134.7977635,171.936905,186.7524971,251.907677
,,,,,,,,,,,,,,,,,,,,,,,,,,,,,
PWY-5505: L-glutamate and L-glutamine biosynthesis,0.0002208,IL_D,H_D,0.008658009,IL_D,715.6843698,1005.59928,1122.223003,869.4207734,672.3603105,825.0128556,1519.571097,534.674091,623.787997,224.1028294,499.214807,219.4781307,231.3401287,303.35876,925.918933,841.0530053,197.3135899,678.2917643,446.7588801,470.2484905,271.7969098,559.17004,561.3815878,909.6929648
PWY-5505: L-glutamate and L-glutamine biosynthesis,0.0002208,IL_W,H_D,0.006493506,IL_W,715.6843698,1005.59928,1122.223003,869.4207734,672.3603105,825.0128556,1519.571097,534.674091,623.787997,224.1028294,499.214807,219.4781307,231.3401287,303.35876,925.918933,841.0530053,197.3135899,678.2917643,446.7588801,470.2484905,271.7969098,559.17004,561.3815878,909.6929648
PWY-5505: L-glutamate and L-glutamine biosynthesis,0.0002208,IL_D,H_W,0.012987013,IL_D,715.6843698,1005.59928,1122.223003,869.4207734,672.3603105,825.0128556,1519.571097,534.674091,623.787997,224.1028294,499.214807,219.4781307,231.3401287,303.35876,925.918933,841.0530053,197.3135899,678.2917643,446.7588801,470.2484905,271.7969098,559.17004,561.3815878,909.6929648
PWY-5505: L-glutamate and L-glutamine biosynthesis,0.0002208,IL_W,H_W,0.006493506,IL_W,715.6843698,1005.59928,1122.223003,869.4207734,672.3603105,825.0128556,1519.571097,534.674091,623.787997,224.1028294,499.214807,219.4781307,231.3401287,303.35876,925.918933,841.0530053,197.3135899,678.2917643,446.7588801,470.2484905,271.7969098,559.17004,561.3815878,909.6929648
,,,,,,,,,,,,,,,,,,,,,,,,,,,,,
PWY-5675: nitrate reduction V (assimilatory),0.000352171,IL_D,H_D,0.012987013,IL_D,462.9749048,1042.286055,854.8149219,345.2639509,482.4367233,661.6209644,1144.657836,388.6750496,360.8647,158.4841823,202.4922413,83.6673786,120.9572459,97.8512092,638.9484675,672.2691786,25.93877034,384.3491465,235.7519444,112.4544571,157.1217832,397.8621018,294.0454183,736.8153111
PWY-5675: nitrate reduction V (assimilatory),0.000352171,IL_W,H_D,0.008658009,IL_W,462.9749048,1042.286055,854.8149219,345.2639509,482.4367233,661.6209644,1144.657836,388.6750496,360.8647,158.4841823,202.4922413,83.6673786,120.9572459,97.8512092,638.9484675,672.2691786,25.93877034,384.3491465,235.7519444,112.4544571,157.1217832,397.8621018,294.0454183,736.8153111
PWY-5675: nitrate reduction V (assimilatory),0.000352171,IL_D,H_W,0.008658009,IL_D,462.9749048,1042.286055,854.8149219,345.2639509,482.4367233,661.6209644,1144.657836,388.6750496,360.8647,158.4841823,202.4922413,83.6673786,120.9572459,97.8512092,638.9484675,672.2691786,25.93877034,384.3491465,235.7519444,112.4544571,157.1217832,397.8621018,294.0454183,736.8153111
PWY-5675: nitrate reduction V (assimilatory),0.000352171,IL_W,H_W,0.008658009,IL_W,462.9749048,1042.286055,854.8149219,345.2639509,482.4367233,661.6209644,1144.657836,388.6750496,360.8647,158.4841823,202.4922413,83.6673786,120.9572459,97.8512092,638.9484675,672.2691786,25.93877034,384.3491465,235.7519444,112.4544571,157.1217832,397.8621018,294.0454183,736.8153111
,,,,,,,,,,,,,,,,,,,,,,,,,,,,,
PWY-5676: acetyl-CoA fermentation to butanoate II,0.004724679,IL_D,H_D,0.038961039,IL_D,1754.994306,3223.320742,3177.002456,1367.186605,1298.194911,2387.783093,2590.790011,1206.219536,1318.320231,957.7416295,884.5935501,416.1117331,616.729428,1337.786791,1761.301232,2393.826967,1061.286794,1461.568576,959.1056005,1562.183786,967.9366491,1472.397412,1340.313278,2248.913765
PWY-5676: acetyl-CoA fermentation to butanoate II,0.004724679,IL_W,H_D,0.038961039,IL_W,1754.994306,3223.320742,3177.002456,1367.186605,1298.194911,2387.783093,2590.790011,1206.219536,1318.320231,957.7416295,884.5935501,416.1117331,616.729428,1337.786791,1761.301232,2393.826967,1061.286794,1461.568576,959.1056005,1562.183786,967.9366491,1472.397412,1340.313278,2248.913765
PWY-5676: acetyl-CoA fermentation to butanoate II,0.004724679,IL_D,H_W,0.038961039,IL_D,1754.994306,3223.320742,3177.002456,1367.186605,1298.194911,2387.783093,2590.790011,1206.219536,1318.320231,957.7416295,884.5935501,416.1117331,616.729428,1337.786791,1761.301232,2393.826967,1061.286794,1461.568576,959.1056005,1562.183786,967.9366491,1472.397412,1340.313278,2248.913765
PWY-5676: acetyl-CoA fermentation to butanoate II,0.004724679,IL_W,H_W,0.038961039,IL_W,1754.994306,3223.320742,3177.002456,1367.186605,1298.194911,2387.783093,2590.790011,1206.219536,1318.320231,957.7416295,884.5935501,416.1117331,616.729428,1337.786791,1761.301232,2393.826967,1061.286794,1461.568576,959.1056005,1562.183786,967.9366491,1472.397412,1340.313278,2248.913765
,,,,,,,,,,,,,,,,,,,,,,,,,,,,,
PWY-5741: ethylmalonyl-CoA pathway,0.00027861,IL_D,H_D,0.024381128,IL_D,165.6851127,74.15011094,253.674646,238.7323977,239.1524102,245.4652574,321.454353,216.8157242,71.36556963,68.60161778,104.9495354,0,51.65379906,106.2303409,303.0765758,285.5615211,137.1669835,238.303702,128.970874,162.8754484,65.25884332,168.2017807,0,144.8659433
PWY-5741: ethylmalonyl-CoA pathway,0.00027861,IL_D,H_W,0.024381128,IL_D,165.6851127,74.15011094,253.674646,238.7323977,239.1524102,245.4652574,321.454353,216.8157242,71.36556963,68.60161778,104.9495354,0,51.65379906,106.2303409,303.0765758,285.5615211,137.1669835,238.303702,128.970874,162.8754484,65.25884332,168.2017807,0,144.8659433
PWY-5741: ethylmalonyl-CoA pathway,0.00027861,IL_W,H_W,0.025813141,IL_W,165.6851127,74.15011094,253.674646,238.7323977,239.1524102,245.4652574,321.454353,216.8157242,71.36556963,68.60161778,104.9495354,0,51.65379906,106.2303409,303.0765758,285.5615211,137.1669835,238.303702,128.970874,162.8754484,65.25884332,168.2017807,0,144.8659433
,,,,,,,,,,,,,,,,,,,,,,,,,,,,,
PWY-5747: 2-methylcitrate cycle II,0.004709379,IL_D,H_D,0.006493506,IL_D,287.366236,457.7220651,470.7651797,225.7709457,153.5334468,334.8680821,898.2533329,194.7292405,119.5964567,76.3653163,70.23429458,55.05873138,87.6549262,176.1019254,335.79183,311.5073995,65.36479843,161.2598527,84.40759201,79.31075378,104.6513509,113.6457339,68.86523574,322.7129109
PWY-5747: 2-methylcitrate cycle II,0.004709379,IL_W,H_D,0.006493506,IL_W,287.366236,457.7220651,470.7651797,225.7709457,153.5334468,334.8680821,898.2533329,194.7292405,119.5964567,76.3653163,70.23429458,55.05873138,87.6549262,176.1019254,335.79183,311.5073995,65.36479843,161.2598527,84.40759201,79.31075378,104.6513509,113.6457339,68.86523574,322.7129109
PWY-5747: 2-methylcitrate cycle II,0.004709379,IL_D,H_W,0.006493506,IL_D,287.366236,457.7220651,470.7651797,225.7709457,153.5334468,334.8680821,898.2533329,194.7292405,119.5964567,76.3653163,70.23429458,55.05873138,87.6549262,176.1019254,335.79183,311.5073995,65.36479843,161.2598527,84.40759201,79.31075378,104.6513509,113.6457339,68.86523574,322.7129109
PWY-5747: 2-methylcitrate cycle II,0.004709379,IL_W,H_W,0.006493506,IL_W,287.366236,457.7220651,470.7651797,225.7709457,153.5334468,334.8680821,898.2533329,194.7292405,119.5964567,76.3653163,70.23429458,55.05873138,87.6549262,176.1019254,335.79183,311.5073995,65.36479843,161.2598527,84.40759201,79.31075378,104.6513509,113.6457339,68.86523574,322.7129109
,,,,,,,,,,,,,,,,,,,,,,,,,,,,,
PWY-5855: ubiquinol-7 biosynthesis (early decarboxylation),0.029491831,IL_W,H_D,0.025974026,IL_W,515.7602601,1157.384422,543.5192997,887.7445068,667.6556611,581.763664,1043.313194,187.3377101,510.1436864,349.8656514,443.4912889,130.2539325,171.8221033,570.1186119,748.2110375,896.8874304,402.9037402,391.87359,389.2827273,601.4261785,369.4505905,504.7716501,215.752588,530.3096095
PWY-5855: ubiquinol-7 biosynthesis (early decarboxylation),0.029491831,IL_W,H_W,0.025974026,IL_W,515.7602601,1157.384422,543.5192997,887.7445068,667.6556611,581.763664,1043.313194,187.3377101,510.1436864,349.8656514,443.4912889,130.2539325,171.8221033,570.1186119,748.2110375,896.8874304,402.9037402,391.87359,389.2827273,601.4261785,369.4505905,504.7716501,215.752588,530.3096095
,,,,,,,,,,,,,,,,,,,,,,,,,,,,,
PWY-6292: superpathway of L-cysteine biosynthesis (mammalian),0.045141644,IL_D,H_D,0.045454545,H_D,707.3556473,5193.395512,2410.979032,1159.377824,891.4801863,1125.366759,1879.071718,1119.959178,3153.006317,3020.859848,3437.26212,1817.470772,1384.611282,2888.98981,1613.18209,1269.606434,2784.976519,1428.866471,2627.963637,3654.075199,2599.433429,4070.2787,3010.241129,1484.365438
PWY-6292: superpathway of L-cysteine biosynthesis (mammalian),0.045141644,IL_D,H_W,0.025974026,H_W,707.3556473,5193.395512,2410.979032,1159.377824,891.4801863,1125.366759,1879.071718,1119.959178,3153.006317,3020.859848,3437.26212,1817.470772,1384.611282,2888.98981,1613.18209,1269.606434,2784.976519,1428.866471,2627.963637,3654.075199,2599.433429,4070.2787,3010.241129,1484.365438
,,,,,,,,,,,,,,,,,,,,,,,,,,,,,
PWY-6703: preQ0 biosynthesis,0.00121466,IL_D,H_D,0.017316017,IL_D,5106.232732,8942.058714,6711.818523,4785.468803,4450.66982,5029.096904,6258.001017,3670.057802,4294.663445,3173.188991,3397.732882,1452.552596,1736.402498,3863.370125,5367.973191,5125.417371,2708.671963,3736.731114,2818.490926,3711.467199,2424.748541,3632.308654,4430.706438,4096.813213
PWY-6703: preQ0 biosynthesis,0.00121466,IL_W,H_D,0.006493506,IL_W,5106.232732,8942.058714,6711.818523,4785.468803,4450.66982,5029.096904,6258.001017,3670.057802,4294.663445,3173.188991,3397.732882,1452.552596,1736.402498,3863.370125,5367.973191,5125.417371,2708.671963,3736.731114,2818.490926,3711.467199,2424.748541,3632.308654,4430.706438,4096.813213
PWY-6703: preQ0 biosynthesis,0.00121466,IL_W,H_W,0.006493506,IL_W,5106.232732,8942.058714,6711.818523,4785.468803,4450.66982,5029.096904,6258.001017,3670.057802,4294.663445,3173.188991,3397.732882,1452.552596,1736.402498,3863.370125,5367.973191,5125.417371,2708.671963,3736.731114,2818.490926,3711.467199,2424.748541,3632.308654,4430.706438,4096.813213
,,,,,,,,,,,,,,,,,,,,,,,,,,,,,
PWY-6763: salicortin biosynthesis,1.15E-06,IL_D,H_D,0.004329004,H_D,15.41273411,68.7087396,80.4661038,0,45.36108998,20.56567772,89.83316324,34.36657068,488.450942,348.2305986,316.7261876,180.933891,93.66047278,393.3407782,103.2554221,31.59479974,174.7602427,0,295.460563,387.8351747,259.0019444,349.6943154,390.6110042,59.31623273
PWY-6763: salicortin biosynthesis,1.15E-06,IL_W,H_D,0.006493506,H_D,15.41273411,68.7087396,80.4661038,0,45.36108998,20.56567772,89.83316324,34.36657068,488.450942,348.2305986,316.7261876,180.933891,93.66047278,393.3407782,103.2554221,31.59479974,174.7602427,0,295.460563,387.8351747,259.0019444,349.6943154,390.6110042,59.31623273
PWY-6763: salicortin biosynthesis,1.15E-06,IL_D,H_W,0.004329004,H_W,15.41273411,68.7087396,80.4661038,0,45.36108998,20.56567772,89.83316324,34.36657068,488.450942,348.2305986,316.7261876,180.933891,93.66047278,393.3407782,103.2554221,31.59479974,174.7602427,0,295.460563,387.8351747,259.0019444,349.6943154,390.6110042,59.31623273
PWY-6763: salicortin biosynthesis,1.15E-06,IL_W,H_W,0.004329004,H_W,15.41273411,68.7087396,80.4661038,0,45.36108998,20.56567772,89.83316324,34.36657068,488.450942,348.2305986,316.7261876,180.933891,93.66047278,393.3407782,103.2554221,31.59479974,174.7602427,0,295.460563,387.8351747,259.0019444,349.6943154,390.6110042,59.31623273
,,,,,,,,,,,,,,,,,,,,,,,,,,,,,
PWY-6953: dTDP-3-acetamido-&alpha;-D-fucose biosynthesis,0.027045174,IL_W,H_D,0.025974026,IL_W,240.2515021,162.5031716,158.1244438,176.5630123,162.0331785,170.1568386,129.9909339,60.48864943,222.2328665,104.8254489,130.5261106,84.74966317,45.31383868,77.28544102,120.8207773,70.74034144,154.0079134,115.169583,71.10075405,214.6300079,114.5255528,54.06249331,360.9125893,54.15210673
,,,,,,,,,,,,,,,,,,,,,,,,,,,,,
PWY-7000: ka0mycin biosynthesis,0.000890148,IL_D,H_D,0.018653876,H_D,0,66.77946088,22.14060986,14.81913553,0,0,42.19675086,22.662501,78.52895684,128.2857679,156.7727221,96.2440782,23.56671152,121.8408951,0,0,86.33719032,22.62003838,96.45725298,195.1214191,28.31342344,228.3336738,77.98339028,0
PWY-7000: ka0mycin biosynthesis,0.000890148,IL_W,H_D,0.018653876,H_D,0,66.77946088,22.14060986,14.81913553,0,0,42.19675086,22.662501,78.52895684,128.2857679,156.7727221,96.2440782,23.56671152,121.8408951,0,0,86.33719032,22.62003838,96.45725298,195.1214191,28.31342344,228.3336738,77.98339028,0
PWY-7000: ka0mycin biosynthesis,0.000890148,IL_D,H_W,0.014315465,H_W,0,66.77946088,22.14060986,14.81913553,0,0,42.19675086,22.662501,78.52895684,128.2857679,156.7727221,96.2440782,23.56671152,121.8408951,0,0,86.33719032,22.62003838,96.45725298,195.1214191,28.31342344,228.3336738,77.98339028,0
PWY-7000: ka0mycin biosynthesis,0.000890148,IL_W,H_W,0.014315465,H_W,0,66.77946088,22.14060986,14.81913553,0,0,42.19675086,22.662501,78.52895684,128.2857679,156.7727221,96.2440782,23.56671152,121.8408951,0,0,86.33719032,22.62003838,96.45725298,195.1214191,28.31342344,228.3336738,77.98339028,0
,,,,,,,,,,,,,,,,,,,,,,,,,,,,,
PWY-7094: fatty acid salvage,0.038593616,IL_D,H_D,0.025974026,IL_D,710.6749156,3073.061626,1450.340494,1139.080496,987.9192492,1078.192644,1798.963038,948.5919937,947.6263799,765.9189542,962.1879357,341.6632605,216.212624,740.0237435,1511.604015,1342.863224,756.0766338,903.9481876,777.8520103,1020.674026,657.7763868,925.1973026,1054.260647,1359.005594
,,,,,,,,,,,,,,,,,,,,,,,,,,,,,
PWY-7098: vanillin and vanillate degradation II,0.000147669,IL_D,H_D,0.00999625,IL_D,91.34111064,72.96406995,104.7460488,81.76068698,69.88234043,126.8691331,239.5853026,46.92068257,31.54490978,0,60.32937302,0,14.27587675,0,109.7884595,170.0091805,0,63.38497144,19.1115194,58.88067625,0,23.72498591,59.09857068,136.839703
PWY-7098: vanillin and vanillate degradation II,0.000147669,IL_W,H_D,0.00999625,IL_W,91.34111064,72.96406995,104.7460488,81.76068698,69.88234043,126.8691331,239.5853026,46.92068257,31.54490978,0,60.32937302,0,14.27587675,0,109.7884595,170.0091805,0,63.38497144,19.1115194,58.88067625,0,23.72498591,59.09857068,136.839703
PWY-7098: vanillin and vanillate degradation II,0.000147669,IL_D,H_W,0.03003358,IL_D,91.34111064,72.96406995,104.7460488,81.76068698,69.88234043,126.8691331,239.5853026,46.92068257,31.54490978,0,60.32937302,0,14.27587675,0,109.7884595,170.0091805,0,63.38497144,19.1115194,58.88067625,0,23.72498591,59.09857068,136.839703
PWY-7098: vanillin and vanillate degradation II,0.000147669,IL_W,H_W,0.00999625,IL_W,91.34111064,72.96406995,104.7460488,81.76068698,69.88234043,126.8691331,239.5853026,46.92068257,31.54490978,0,60.32937302,0,14.27587675,0,109.7884595,170.0091805,0,63.38497144,19.1115194,58.88067625,0,23.72498591,59.09857068,136.839703
,,,,,,,,,,,,,,,,,,,,,,,,,,,,,
PWY-7279: aerobic respiration II (cytochrome c) (yeast),6.25E-08,IL_D,H_D,0.003246753,IL_D,1091.690912,807.5572477,1479.663286,597.9027281,894.294932,1155.492667,1128.869459,1004.647344,91.2185903,29.35089588,8.257847499,43.0452607,0,263.1166321,1423.392277,1617.1514,43.99929927,570.8892902,63.65176104,19.44320452,49.8741412,24.53700344,143.0102337,1084.652366
PWY-7279: aerobic respiration II (cytochrome c) (yeast),6.25E-08,IL_W,H_D,0.003246753,IL_W,1091.690912,807.5572477,1479.663286,597.9027281,894.294932,1155.492667,1128.869459,1004.647344,91.2185903,29.35089588,8.257847499,43.0452607,0,263.1166321,1423.392277,1617.1514,43.99929927,570.8892902,63.65176104,19.44320452,49.8741412,24.53700344,143.0102337,1084.652366
PWY-7279: aerobic respiration II (cytochrome c) (yeast),6.25E-08,IL_D,H_W,0.003246753,IL_D,1091.690912,807.5572477,1479.663286,597.9027281,894.294932,1155.492667,1128.869459,1004.647344,91.2185903,29.35089588,8.257847499,43.0452607,0,263.1166321,1423.392277,1617.1514,43.99929927,570.8892902,63.65176104,19.44320452,49.8741412,24.53700344,143.0102337,1084.652366
PWY-7279: aerobic respiration II (cytochrome c) (yeast),6.25E-08,IL_W,H_W,0.003246753,IL_W,1091.690912,807.5572477,1479.663286,597.9027281,894.294932,1155.492667,1128.869459,1004.647344,91.2185903,29.35089588,8.257847499,43.0452607,0,263.1166321,1423.392277,1617.1514,43.99929927,570.8892902,63.65176104,19.44320452,49.8741412,24.53700344,143.0102337,1084.652366
,,,,,,,,,,,,,,,,,,,,,,,,,,,,,
"PWY-7371: 1,4-dihydroxy-6-0phthoate biosynthesis II",0.004869486,IL_D,H_D,0.045454545,IL_D,4609.53708,3073.895991,4766.084086,4825.412738,4188.649275,5033.340001,5307.882094,3547.547202,3831.101915,3321.487458,3292.268476,2176.625943,1929.522299,3392.241753,4872.018082,5497.095504,2940.71398,4029.247183,2993.298644,3919.846326,3168.246994,4484.218132,3510.80906,4154.33851
"PWY-7371: 1,4-dihydroxy-6-0phthoate biosynthesis II",0.004869486,IL_D,H_W,0.045454545,IL_D,4609.53708,3073.895991,4766.084086,4825.412738,4188.649275,5033.340001,5307.882094,3547.547202,3831.101915,3321.487458,3292.268476,2176.625943,1929.522299,3392.241753,4872.018082,5497.095504,2940.71398,4029.247183,2993.298644,3919.846326,3168.246994,4484.218132,3510.80906,4154.33851
,,,,,,,,,,,,,,,,,,,,,,,,,,,,,
PWY-7413: dTDP-6-deoxy-&alpha;-D-allose biosynthesis,3.09E-08,IL_D,H_D,0.007497187,H_D,26.11146034,0,45.51806065,0,57.958024,27.54784468,38.23448169,0,366.5938759,465.6624316,501.0401796,380.7913759,259.5541484,204.4356622,29.6214537,0,528.3508222,0,410.3296638,438.8876234,398.9680294,700.8723459,417.4761924,24.16537423
PWY-7413: dTDP-6-deoxy-&alpha;-D-allose biosynthesis,3.09E-08,IL_W,H_D,0.007497187,H_D,26.11146034,0,45.51806065,0,57.958024,27.54784468,38.23448169,0,366.5938759,465.6624316,501.0401796,380.7913759,259.5541484,204.4356622,29.6214537,0,528.3508222,0,410.3296638,438.8876234,398.9680294,700.8723459,417.4761924,24.16537423
PWY-7413: dTDP-6-deoxy-&alpha;-D-allose biosynthesis,3.09E-08,IL_D,H_W,0.007497187,H_W,26.11146034,0,45.51806065,0,57.958024,27.54784468,38.23448169,0,366.5938759,465.6624316,501.0401796,380.7913759,259.5541484,204.4356622,29.6214537,0,528.3508222,0,410.3296638,438.8876234,398.9680294,700.8723459,417.4761924,24.16537423
PWY-7413: dTDP-6-deoxy-&alpha;-D-allose biosynthesis,3.09E-08,IL_W,H_W,0.007497187,H_W,26.11146034,0,45.51806065,0,57.958024,27.54784468,38.23448169,0,366.5938759,465.6624316,501.0401796,380.7913759,259.5541484,204.4356622,29.6214537,0,528.3508222,0,410.3296638,438.8876234,398.9680294,700.8723459,417.4761924,24.16537423
,,,,,,,,,,,,,,,,,,,,,,,,,,,,,
PWY-8011: L-serine biosynthesis II,0.001014695,IL_D,H_D,0.008658009,IL_D,202.0128741,63.60077465,394.8089971,206.833875,269.0910116,201.7404799,597.750715,152.5765342,59.13890802,14.56133944,108.1256439,20.34960338,10.95759226,141.5742103,280.1685836,358.278558,62.1225163,223.3107338,57.38659268,55.10954676,63.91000858,168.2631343,54.95560326,275.8085023
PWY-8011: L-serine biosynthesis II,0.001014695,IL_W,H_D,0.022727273,IL_W,202.0128741,63.60077465,394.8089971,206.833875,269.0910116,201.7404799,597.750715,152.5765342,59.13890802,14.56133944,108.1256439,20.34960338,10.95759226,141.5742103,280.1685836,358.278558,62.1225163,223.3107338,57.38659268,55.10954676,63.91000858,168.2631343,54.95560326,275.8085023
PWY-8011: L-serine biosynthesis II,0.001014695,IL_D,H_W,0.008658009,IL_D,202.0128741,63.60077465,394.8089971,206.833875,269.0910116,201.7404799,597.750715,152.5765342,59.13890802,14.56133944,108.1256439,20.34960338,10.95759226,141.5742103,280.1685836,358.278558,62.1225163,223.3107338,57.38659268,55.10954676,63.91000858,168.2631343,54.95560326,275.8085023
PWY-8011: L-serine biosynthesis II,0.001014695,IL_W,H_W,0.008658009,IL_W,202.0128741,63.60077465,394.8089971,206.833875,269.0910116,201.7404799,597.750715,152.5765342,59.13890802,14.56133944,108.1256439,20.34960338,10.95759226,141.5742103,280.1685836,358.278558,62.1225163,223.3107338,57.38659268,55.10954676,63.91000858,168.2631343,54.95560326,275.8085023
,,,,,,,,,,,,,,,,,,,,,,,,,,,,,
PWY-801: homocysteine and cysteine interconversion,0.009564102,IL_D,H_W,0.025974026,H_W,272.9701155,1208.163875,1154.458967,426.4578594,342.9636534,477.1302324,849.0263013,425.0428993,1369.983898,1080.037126,1177.610907,698.0977628,506.77896,1219.224599,710.1023649,529.7713528,970.2792827,567.4415886,869.6397484,1406.343903,793.792872,1327.461693,1459.572493,678.9790183
,,,,,,,,,,,,,,,,,,,,,,,,,,,,,
PWY-8131: 5'-deoxyadenosine degradation II,0.013464233,H_W,H_D,0.025974026,H_W,207.7160303,294.8405199,437.1148476,325.5560243,416.5534316,385.0201118,606.9233685,378.2441277,546.3134494,256.1589851,295.8995187,209.0435724,115.305542,251.7233673,364.5762716,420.4174352,23.75503327,174.1982962,194.9572951,203.8490749,146.5564295,179.6213562,616.2097731,504.7863652
PWY-8131: 5'-deoxyadenosine degradation II,0.013464233,IL_D,H_D,0.03030303,IL_D,207.7160303,294.8405199,437.1148476,325.5560243,416.5534316,385.0201118,606.9233685,378.2441277,546.3134494,256.1589851,295.8995187,209.0435724,115.305542,251.7233673,364.5762716,420.4174352,23.75503327,174.1982962,194.9572951,203.8490749,146.5564295,179.6213562,616.2097731,504.7863652
PWY-8131: 5'-deoxyadenosine degradation II,0.013464233,IL_W,H_D,0.025974026,IL_W,207.7160303,294.8405199,437.1148476,325.5560243,416.5534316,385.0201118,606.9233685,378.2441277,546.3134494,256.1589851,295.8995187,209.0435724,115.305542,251.7233673,364.5762716,420.4174352,23.75503327,174.1982962,194.9572951,203.8490749,146.5564295,179.6213562,616.2097731,504.7863652
,,,,,,,,,,,,,,,,,,,,,,,,,,,,,
PWY-I9: L-cysteine biosynthesis VI (from L-methionine),0.021484875,H_W,H_D,0.004329004,H_W,433.2132038,2249.597118,1161.41473,619.5514033,512.2165168,653.7955535,1066.571728,544.169693,755.0258867,476.6077244,728.4354857,358.6988072,129.9557081,348.0669131,774.6328871,690.0989782,30.47925547,458.9245256,256.0532165,369.3080964,273.3461206,257.5565419,815.1962959,908.0686902
PWY-I9: L-cysteine biosynthesis VI (from L-methionine),0.021484875,IL_D,H_D,0.004329004,IL_D,433.2132038,2249.597118,1161.41473,619.5514033,512.2165168,653.7955535,1066.571728,544.169693,755.0258867,476.6077244,728.4354857,358.6988072,129.9557081,348.0669131,774.6328871,690.0989782,30.47925547,458.9245256,256.0532165,369.3080964,273.3461206,257.5565419,815.1962959,908.0686902
PWY-I9: L-cysteine biosynthesis VI (from L-methionine),0.021484875,IL_W,H_D,0.004329004,IL_W,433.2132038,2249.597118,1161.41473,619.5514033,512.2165168,653.7955535,1066.571728,544.169693,755.0258867,476.6077244,728.4354857,358.6988072,129.9557081,348.0669131,774.6328871,690.0989782,30.47925547,458.9245256,256.0532165,369.3080964,273.3461206,257.5565419,815.1962959,908.0686902
,,,,,,,,,,,,,,,,,,,,,,,,,,,,,
PWY0-1241: ADP-L-glycero-&beta;-D-manno-heptose biosynthesis,2.00E-05,IL_D,H_D,0.006493506,IL_D,1750.329389,1380.194905,1888.244705,1768.767812,1833.953893,1780.61201,2305.491791,1316.301593,1266.225622,897.1789507,1087.76547,425.5141635,563.5329497,1279.253694,2165.542847,2052.910277,747.8342392,1439.77439,696.2445538,1046.97143,721.5914083,1032.716774,1445.658236,1869.818009
PWY0-1241: ADP-L-glycero-&beta;-D-manno-heptose biosynthesis,2.00E-05,IL_W,H_D,0.006493506,IL_W,1750.329389,1380.194905,1888.244705,1768.767812,1833.953893,1780.61201,2305.491791,1316.301593,1266.225622,897.1789507,1087.76547,425.5141635,563.5329497,1279.253694,2165.542847,2052.910277,747.8342392,1439.77439,696.2445538,1046.97143,721.5914083,1032.716774,1445.658236,1869.818009
PWY0-1241: ADP-L-glycero-&beta;-D-manno-heptose biosynthesis,2.00E-05,IL_D,H_W,0.012987013,IL_D,1750.329389,1380.194905,1888.244705,1768.767812,1833.953893,1780.61201,2305.491791,1316.301593,1266.225622,897.1789507,1087.76547,425.5141635,563.5329497,1279.253694,2165.542847,2052.910277,747.8342392,1439.77439,696.2445538,1046.97143,721.5914083,1032.716774,1445.658236,1869.818009
PWY0-1241: ADP-L-glycero-&beta;-D-manno-heptose biosynthesis,2.00E-05,IL_W,H_W,0.008658009,IL_W,1750.329389,1380.194905,1888.244705,1768.767812,1833.953893,1780.61201,2305.491791,1316.301593,1266.225622,897.1789507,1087.76547,425.5141635,563.5329497,1279.253694,2165.542847,2052.910277,747.8342392,1439.77439,696.2445538,1046.97143,721.5914083,1032.716774,1445.658236,1869.818009
,,,,,,,,,,,,,,,,,,,,,,,,,,,,,
PWY0-1479: tR0 processing,0.016707863,IL_W,H_D,0.012987013,IL_W,2477.97071,5127.275799,4057.304178,2539.459358,2708.769931,3006.22802,4501.821553,2352.985833,2844.940135,1510.718242,2423.391717,795.9657935,1268.230666,1990.083446,3343.858225,3119.002299,1841.067363,1368.836238,1895.367468,2184.498781,1577.46535,2079.49726,2574.722634,2255.028453
,,,,,,,,,,,,,,,,,,,,,,,,,,,,,
PWY3O-4107: 0D salvage pathway V (PNC V cycle),0.014447056,IL_D,H_D,0.006493506,IL_D,516.0694257,1680.246323,957.1384885,407.5168457,398.3473456,789.9917428,1154.316711,327.8200133,620.2396148,175.5336677,453.1794145,36.21077518,79.21868926,182.9958471,540.6409952,676.4475122,229.4517015,314.6416652,258.940303,294.0941563,187.1914053,209.1977335,338.1237519,871.7504407
PWY3O-4107: 0D salvage pathway V (PNC V cycle),0.014447056,IL_W,H_D,0.006493506,IL_W,516.0694257,1680.246323,957.1384885,407.5168457,398.3473456,789.9917428,1154.316711,327.8200133,620.2396148,175.5336677,453.1794145,36.21077518,79.21868926,182.9958471,540.6409952,676.4475122,229.4517015,314.6416652,258.940303,294.0941563,187.1914053,209.1977335,338.1237519,871.7504407
,,,,,,,,,,,,,,,,,,,,,,,,,,,,,
PWY490-3: nitrate reduction VI (assimilatory),4.89E-06,IL_D,H_D,0.012987013,IL_D,701.2020778,683.5229917,888.1959649,612.4867101,517.5849486,699.0337889,868.7169956,417.2512089,346.3706404,167.1860903,204.212472,121.4929336,128.5255403,95.92624337,620.6820978,870.9589135,26.69148864,379.6179402,250.9233743,110.9667782,166.3389726,459.9178686,250.2792462,851.1263909
PWY490-3: nitrate reduction VI (assimilatory),4.89E-06,IL_W,H_D,0.004329004,IL_W,701.2020778,683.5229917,888.1959649,612.4867101,517.5849486,699.0337889,868.7169956,417.2512089,346.3706404,167.1860903,204.212472,121.4929336,128.5255403,95.92624337,620.6820978,870.9589135,26.69148864,379.6179402,250.9233743,110.9667782,166.3389726,459.9178686,250.2792462,851.1263909
PWY490-3: nitrate reduction VI (assimilatory),4.89E-06,IL_D,H_W,0.004329004,IL_D,701.2020778,683.5229917,888.1959649,612.4867101,517.5849486,699.0337889,868.7169956,417.2512089,346.3706404,167.1860903,204.212472,121.4929336,128.5255403,95.92624337,620.6820978,870.9589135,26.69148864,379.6179402,250.9233743,110.9667782,166.3389726,459.9178686,250.2792462,851.1263909
PWY490-3: nitrate reduction VI (assimilatory),4.89E-06,IL_W,H_W,0.004329004,IL_W,701.2020778,683.5229917,888.1959649,612.4867101,517.5849486,699.0337889,868.7169956,417.2512089,346.3706404,167.1860903,204.212472,121.4929336,128.5255403,95.92624337,620.6820978,870.9589135,26.69148864,379.6179402,250.9233743,110.9667782,166.3389726,459.9178686,250.2792462,851.1263909
,,,,,,,,,,,,,,,,,,,,,,,,,,,,,
PWY66-367: ketogenesis,0.020518679,IL_D,H_D,0.025974026,IL_D,1064.067305,3554.700886,2240.030276,1402.431645,1325.947028,1550.011688,2375.96885,1267.194963,1392.147461,888.4083899,1261.79042,520.6734308,634.0999394,1234.682136,1746.840799,1937.223771,1120.784406,1384.421536,1021.34849,1022.541709,930.897961,1452.658071,1059.935782,1855.252251
PWY66-367: ketogenesis,0.020518679,IL_D,H_W,0.025974026,IL_D,1064.067305,3554.700886,2240.030276,1402.431645,1325.947028,1550.011688,2375.96885,1267.194963,1392.147461,888.4083899,1261.79042,520.6734308,634.0999394,1234.682136,1746.840799,1937.223771,1120.784406,1384.421536,1021.34849,1022.541709,930.897961,1452.658071,1059.935782,1855.252251
PWY66-367: ketogenesis,0.020518679,IL_W,H_W,0.03030303,IL_W,1064.067305,3554.700886,2240.030276,1402.431645,1325.947028,1550.011688,2375.96885,1267.194963,1392.147461,888.4083899,1261.79042,520.6734308,634.0999394,1234.682136,1746.840799,1937.223771,1120.784406,1384.421536,1021.34849,1022.541709,930.897961,1452.658071,1059.935782,1855.252251
,,,,,,,,,,,,,,,,,,,,,,,,,,,,,
PWY66-429: fatty acid biosynthesis initiation (mitochondria),0.027033187,IL_W,H_D,0.025974026,IL_W,9813.781628,16970.28784,11996.0285,9839.012724,9144.378127,10304.21374,13119.74151,7398.672029,10303.78244,8222.725401,8530.409165,4692.545981,4738.312936,8741.313413,11301.39315,10753.08557,7125.856416,8091.837939,7560.459705,9168.644483,6320.577115,9548.498284,10473.93391,8699.689144
,,,,,,,,,,,,,,,,,,,,,,,,,,,,,
SALVADEHYPOX-PWY: adenosine nucleotides degradation II,0.017944125,IL_D,H_W,0.025974026,H_W,1501.068435,4806.383351,3085.717319,1245.862432,1061.02914,1940.658174,2612.562003,1229.828824,4507.98784,3348.797952,4050.439774,2080.517953,1443.180036,3567.158472,2109.239208,1855.398514,3132.897455,1465.989294,2949.17693,3884.457643,2596.996296,3888.318276,4518.450454,1852.62966
,,,,,,,,,,,,,,,,,,,,,,,,,,,,,
TYRFUMCAT-PWY: L-tyrosine degradation I,0.015810774,IL_D,H_D,0.004329004,IL_D,286.733238,1313.626431,398.6766542,276.7114114,201.1496058,300.4513103,513.0036811,124.3314729,161.2752565,55.47396561,115.3308406,0,0,95.40549992,326.5241583,482.0995636,31.27400596,112.5804359,78.32820239,41.49760019,20.82378738,29.50943326,197.959228,344.6935619
TYRFUMCAT-PWY: L-tyrosine degradation I,0.015810774,IL_W,H_D,0.004329004,IL_W,286.733238,1313.626431,398.6766542,276.7114114,201.1496058,300.4513103,513.0036811,124.3314729,161.2752565,55.47396561,115.3308406,0,0,95.40549992,326.5241583,482.0995636,31.27400596,112.5804359,78.32820239,41.49760019,20.82378738,29.50943326,197.959228,344.6935619
TYRFUMCAT-PWY: L-tyrosine degradation I,0.015810774,IL_W,H_W,0.004329004,IL_W,286.733238,1313.626431,398.6766542,276.7114114,201.1496058,300.4513103,513.0036811,124.3314729,161.2752565,55.47396561,115.3308406,0,0,95.40549992,326.5241583,482.0995636,31.27400596,112.5804359,78.32820239,41.49760019,20.82378738,29.50943326,197.959228,344.6935619
,,,,,,,,,,,,,,,,,,,,,,,,,,,,,
URSIN-PWY: ureide biosynthesis,0.000513473,IL_D,H_D,0.03030303,H_D,543.8831848,1754.595746,2879.320145,753.8236554,925.5059137,1111.618957,1976.434893,1009.295115,3923.577053,2944.28788,3010.960741,1739.489698,1132.01498,2876.562099,1492.086536,1150.989631,2028.22343,993.007694,2375.337259,3825.36543,1999.422958,2602.123797,3162.799295,1399.729391
URSIN-PWY: ureide biosynthesis,0.000513473,IL_D,H_W,0.025974026,H_W,543.8831848,1754.595746,2879.320145,753.8236554,925.5059137,1111.618957,1976.434893,1009.295115,3923.577053,2944.28788,3010.960741,1739.489698,1132.01498,2876.562099,1492.086536,1150.989631,2028.22343,993.007694,2375.337259,3825.36543,1999.422958,2602.123797,3162.799295,1399.729391
URSIN-PWY: ureide biosynthesis,0.000513473,IL_W,H_W,0.025974026,H_W,543.8831848,1754.595746,2879.320145,753.8236554,925.5059137,1111.618957,1976.434893,1009.295115,3923.577053,2944.28788,3010.960741,1739.489698,1132.01498,2876.562099,1492.086536,1150.989631,2028.22343,993.007694,2375.337259,3825.36543,1999.422958,2602.123797,3162.799295,1399.729391